Day,Panel 1,Panel 2,Panel 3,Panel 4,Panel 5,Panel 6,Panel 7,Panel 8,Panel 9,Panel 10,Panel 11,Panel 12,Panel 13,Panel 14,Panel 15
1,1.0,1.0,1.0,1.0,1.0,1.0,1.0,1.0,1.0,1.0,1.0,1.0,1.0,1.0,1.0
2,1.0,0.998,1.0,1.0,0.997,1.0,1.0,1.0,1.0,1.0,1.0,0.998,1.0,1.0,1.0
3,1.0,0.998,0.998,0.997,0.996,1.0,1.0,1.0,0.999,1.0,1.0,0.995,1.0,1.0,0.999
4,1.0,0.997,0.997,0.997,0.996,1.0,0.999,1.0,0.999,1.0,0.999,0.995,0.999,1.0,0.999
5,1.0,0.996,0.997,0.996,0.996,0.999,0.998,1.0,0.999,0.999,0.999,0.995,0.999,1.0,0.999
6,1.0,0.995,0.997,0.996,0.995,0.999,0.998,0.999,0.999,0.998,0.999,,0.999,0.999,0.999
7,0.999,0.995,0.997,0.996,0.994,0.998,0.998,0.998,0.997,0.998,0.999,0.995,0.998,0.999,0.998
8,0.999,0.992,0.997,0.996,0.994,0.998,0.997,0.998,0.997,0.996,0.998,0.994,0.998,0.999,0.998
9,0.999,0.989,0.995,0.996,0.994,0.998,0.0,0.996,0.997,0.996,0.997,0.994,0.998,0.997,0.998
10,0.998,0.988,0.994,0.996,0.994,0.995,0.0,0.996,0.997,0.996,0.997,0.994,0.997,0.997,0.998
11,0.998,0.988,0.992,0.995,0.992,0.994,0.0,0.994,0.996,0.996,,0.994,0.997,0.996,0.997
12,0.997,0.988,0.991,0.995,0.992,0.994,0.0,0.994,0.995,0.996,0.996,0.993,0.996,0.99,0.997
13,0.997,0.988,0.991,0.995,0.992,0.994,0.0,0.994,0.995,0.996,0.996,0.991,0.996,0.99,0.996
14,0.997,0.987,0.991,0.995,0.992,0.993,0.0,0.994,0.995,0.995,0.996,0.99,0.996,0.99,0.996
15,0.997,0.987,0.99,0.995,0.992,0.993,0.0,0.994,0.995,0.995,0.996,0.989,0.995,0.989,0.996
16,,0.987,0.99,0.995,0.99,0.993,0.0,0.994,0.995,0.995,0.995,0.989,,0.989,0.995
17,0.997,0.986,0.99,0.994,0.99,0.993,0.0,0.994,0.994,0.995,0.994,0.989,0.994,0.989,0.995
18,0.994,0.986,0.99,0.99,0.989,,0.0,0.993,0.994,0.994,0.994,0.989,0.994,0.989,0.995
19,0.994,0.984,0.99,0.99,0.989,0.992,0.0,0.993,0.993,0.994,0.994,0.989,0.994,0.989,0.994
20,0.994,0.984,0.99,0.99,0.989,0.991,0.0,0.993,0.993,0.994,0.994,0.988,0.994,0.989,0.994
21,0.994,0.984,0.99,0.989,0.988,0.991,0.0,0.993,0.992,0.994,0.994,0.988,6261.0,0.988,0.994
22,0.994,0.984,0.99,0.989,0.987,0.991,0.0,0.991,0.99,0.994,0.994,0.986,6261.0,0.988,0.993
23,0.994,0.984,0.99,0.989,0.987,0.991,0.0,0.991,0.99,0.994,0.994,0.986,6261.0,0.987,0.992
24,0.994,0.982,0.99,0.989,0.987,0.99,0.0,0.99,0.99,0.994,0.993,0.986,6261.0,0.987,0.992
25,0.994,0.982,0.99,0.988,0.985,0.99,0.0,0.989,0.99,0.993,0.993,0.986,0.993,0.987,0.991
26,0.993,0.981,0.989,0.988,0.985,0.988,0.0,0.987,0.99,0.992,0.993,0.985,0.992,0.986,0.99
27,0.993,0.981,0.989,,0.984,0.988,0.0,0.986,0.99,0.992,0.993,0.0,0.992,0.986,0.99
28,0.993,0.981,0.989,,0.983,0.988,0.0,0.985,0.989,0.992,0.992,0.0,0.992,0.986,0.99
29,0.992,0.98,0.988,0.987,0.983,0.988,0.0,0.985,0.988,0.991,0.992,0.0,0.99,0.986,0.99
30,0.992,0.98,0.988,0.986,0.983,0.987,0.0,,0.988,0.991,0.991,0.0,0.989,0.984,0.99
31,0.992,0.979,0.988,0.986,0.983,0.987,0.0,0.983,0.987,0.99,0.991,0.0,0.989,0.983,0.989
32,0.992,0.979,0.987,0.986,0.983,,0.0,0.982,0.985,0.99,0.99,0.0,0.986,0.982,0.989
33,0.992,0.979,0.985,0.986,0.981,0.987,0.0,0.982,0.983,0.99,0.989,0.0,0.986,0.982,0.989
34,0.991,0.978,0.985,,0.981,0.985,0.0,0.982,0.983,0.99,0.989,0.0,0.985,0.981,0.988
35,0.991,0.978,0.98,0.985,0.981,0.985,0.0,0.981,0.982,0.989,0.988,0.0,0.985,0.981,0.988
36,0.991,0.978,0.98,0.984,0.98,0.985,0.0,0.979,0.982,0.989,0.986,0.0,0.983,0.981,0.988
37,0.991,0.977,0.979,0.983,0.977,0.984,0.0,0.979,0.981,0.988,0.986,0.0,0.983,0.981,0.988
38,0.991,0.977,0.978,0.983,0.977,0.981,0.0,0.978,0.981,0.988,0.986,0.0,0.982,0.981,0.988
39,0.991,0.977,0.978,0.983,0.977,0.98,0.0,0.978,0.981,0.988,0.985,0.0,0.982,0.981,0.988
40,0.991,0.976,0.977,0.983,0.977,0.98,0.0,0.978,0.98,,0.984,0.0,0.982,0.98,0.987
41,0.991,0.976,0.977,0.982,0.977,0.979,0.0,0.978,0.98,0.986,0.984,0.0,0.982,0.98,0.987
42,0.99,0.975,0.977,0.982,0.977,0.979,0.0,0.978,0.98,0.985,0.984,0.0,0.982,0.979,0.987
43,0.989,0.974,0.977,0.981,0.976,0.979,0.0,0.978,0.98,0.985,0.983,0.0,0.982,0.979,0.986
44,0.989,0.973,0.976,0.981,0.976,0.978,0.0,0.978,0.979,0.984,0.983,0.0,0.982,0.979,0.986
45,0.989,0.973,0.975,0.981,0.972,0.977,0.0,0.977,0.978,0.984,0.983,0.0,0.979,0.979,0.983
46,0.989,0.972,0.975,0.981,0.972,0.977,0.0,0.977,0.978,0.984,0.981,0.0,0.979,0.978,0.983
47,0.989,0.972,0.975,0.98,0.972,0.977,0.0,0.977,0.976,0.984,0.981,0.0,0.979,0.977,0.981
48,0.989,0.972,0.975,0.98,0.971,0.975,0.0,0.977,0.976,0.984,0.981,0.0,0.976,0.977,0.98
49,0.988,0.972,0.975,0.98,0.971,0.975,0.0,0.976,0.976,0.984,0.98,0.0,0.976,0.976,0.98
50,0.988,0.971,0.974,0.979,0.971,0.974,0.0,0.976,0.976,0.983,0.98,0.0,0.975,0.975,0.979
51,,0.971,0.973,0.979,0.97,0.972,0.0,0.976,0.975,0.983,0.98,0.0,0.975,0.974,0.979
52,0.987,0.97,0.973,0.977,0.97,0.972,0.97,0.976,0.975,0.982,0.98,0.0,0.975,0.974,0.979
53,0.987,0.969,0.973,0.977,0.97,0.971,0.969,0.975,0.975,0.982,0.978,0.0,0.975,0.972,0.978
54,0.987,0.969,0.973,0.976,0.969,0.971,0.969,0.975,0.975,0.981,0.978,0.0,0.974,0.972,0.976
55,0.985,0.969,0.973,0.976,0.968,0.97,0.969,0.975,0.975,0.981,0.0,0.0,0.974,0.972,0.976
56,0.985,0.969,0.972,,0.966,0.97,0.969,0.975,0.975,0.981,0.0,0.974,0.973,0.971,0.975
57,0.984,0.969,0.971,,0.964,0.97,0.969,0.975,0.975,0.98,0.0,0.974,0.973,,0.975
58,0.984,0.969,0.971,0.973,0.964,0.969,0.969,0.974,0.975,0.98,0.0,0.974,0.972,0.969,0.975
59,0.984,0.966,0.971,0.973,0.964,0.969,0.968,0.974,0.975,0.98,0.0,0.974,0.971,0.968,0.974
60,0.983,0.966,0.97,0.972,0.964,0.967,0.968,0.973,0.975,0.979,0.0,0.974,0.97,0.967,0.973
61,0.983,0.966,0.97,,0.963,0.967,0.968,0.973,0.975,0.979,0.0,0.973,0.969,0.967,0.972
62,0.983,0.965,0.97,0.972,0.962,0.967,0.968,0.973,0.974,0.979,0.0,0.973,0.969,0.966,
63,0.983,0.965,0.969,0.972,0.962,0.966,0.966,0.973,0.974,0.979,0.0,0.973,0.969,0.966,0.971
64,0.981,0.965,0.969,0.972,0.961,0.966,0.966,0.973,0.974,0.978,0.0,0.973,0.968,0.965,0.971
65,0.981,0.965,0.969,0.971,0.961,0.965,0.966,0.972,0.973,0.978,0.0,0.973,0.968,0.965,
66,0.98,0.964,0.969,0.971,0.961,0.965,0.964,0.971,0.972,0.978,0.0,0.973,0.968,0.964,0.971
67,0.98,0.964,0.969,0.971,0.96,0.965,0.964,0.971,0.971,0.978,0.0,0.973,0.968,0.962,0.971
68,0.98,0.963,0.969,0.971,0.96,0.964,0.964,0.967,0.971,0.978,0.0,0.973,0.967,0.962,0.971
69,0.979,0.963,0.969,0.969,0.96,0.964,0.963,0.967,0.969,0.978,0.0,0.973,0.965,0.962,0.97
70,0.979,0.962,0.969,0.968,0.959,0.963,0.963,0.966,0.969,0.978,0.0,0.973,0.965,0.959,0.969
71,0.978,0.962,0.969,0.968,0.959,0.963,0.963,0.966,0.967,0.978,0.0,0.972,0.964,0.959,0.969
72,0.978,0.961,0.969,0.967,0.959,0.963,0.962,0.966,0.967,0.977,0.0,0.972,0.963,0.959,0.968
73,0.978,0.959,0.969,0.967,0.959,0.963,0.962,0.966,0.967,0.977,0.0,0.972,0.963,0.959,0.968
74,0.978,0.957,0.969,0.967,0.959,0.961,0.962,0.964,0.966,0.977,0.0,0.972,0.963,0.958,0.968
75,0.978,0.957,0.968,0.967,0.959,0.961,0.962,0.963,0.964,0.974,0.0,0.971,0.963,0.957,0.968
76,0.978,0.957,0.968,0.966,0.959,,0.962,0.962,0.964,0.973,0.0,0.971,0.963,0.957,0.968
77,0.977,0.957,0.968,0.966,0.959,0.961,0.961,0.962,0.963,0.973,,0.971,0.963,0.956,0.965
78,0.976,0.956,0.967,0.966,0.957,0.96,,0.961,0.963,0.973,0.0,0.971,0.958,0.956,0.965
79,0.975,0.955,0.967,0.965,0.956,0.96,0.96,0.961,0.963,0.972,0.0,0.971,0.956,0.955,0.964
80,0.975,0.955,0.967,0.965,0.956,0.96,0.958,0.961,0.963,0.97,0.0,0.971,0.956,0.954,0.963
81,0.975,0.955,0.967,0.965,0.956,0.96,0.958,0.96,0.962,0.97,0.0,0.97,0.955,,0.963
82,0.974,0.955,0.967,0.963,0.954,0.96,0.957,0.96,0.962,0.97,0.961,,0.955,0.954,0.962
83,0.972,0.955,0.967,0.962,0.952,0.958,0.957,0.959,0.961,0.969,0.959,0.97,0.955,0.953,0.961
84,0.972,0.954,0.967,0.962,0.952,0.958,0.957,0.958,0.955,,0.958,0.97,0.953,0.953,0.961
85,0.971,0.954,0.967,0.962,0.952,0.957,0.957,0.957,0.955,0.969,0.958,,0.953,,0.961
86,0.969,0.954,0.967,0.961,0.952,0.956,0.956,0.956,0.954,0.969,0.956,0.969,0.952,0.953,0.961
87,0.968,0.953,0.966,0.96,0.952,,0.956,0.956,0.954,0.968,0.954,0.968,0.951,0.953,0.958
88,0.967,0.951,0.966,0.96,0.948,,0.956,0.955,0.954,0.966,0.953,0.968,0.95,0.953,0.958
89,0.967,0.951,0.965,0.959,0.948,0.956,0.955,0.955,0.953,0.964,0.953,0.968,0.949,0.953,0.958
90,0.967,0.951,0.964,0.959,0.948,0.956,0.955,0.955,0.953,0.964,0.952,0.967,0.949,0.953,0.957
91,0.967,0.951,0.964,0.959,0.947,0.955,0.955,0.955,0.953,0.964,0.952,0.967,0.948,0.951,0.955
92,0.967,0.951,0.964,0.959,0.947,0.955,0.954,,0.953,0.964,0.952,0.967,0.948,0.951,0.955
93,,0.95,,0.958,0.946,0.955,0.954,0.954,0.953,0.963,0.952,0.966,,0.949,0.955
94,0.966,,0.962,0.958,0.946,0.955,0.953,0.954,0.951,0.963,0.951,0.966,0.946,0.949,0.955
95,0.965,0.949,0.962,0.954,0.946,0.954,0.953,0.954,0.951,0.962,0.95,0.965,0.945,0.948,0.955
96,0.965,0.949,0.962,0.954,0.946,0.954,0.953,0.953,0.95,,0.95,0.965,0.945,0.948,0.955
97,0.963,0.949,0.962,0.953,0.945,0.953,0.952,0.953,0.95,0.962,0.95,0.965,0.945,0.948,0.955
98,,0.949,0.96,0.953,,0.953,0.952,0.953,0.948,0.96,0.95,0.965,0.945,0.948,0.955
99,0.96,0.949,0.959,0.953,0.945,0.953,0.952,0.953,0.947,0.96,0.95,0.964,0.945,0.948,0.954
100,0.96,0.949,0.959,0.953,0.944,0.952,0.951,0.952,0.947,0.959,0.949,0.964,0.944,,0.953
101,0.956,0.948,0.958,0.953,0.944,0.951,0.951,0.952,0.947,0.958,0.949,0.963,0.943,0.946,0.952
102,0.954,0.948,0.958,0.952,0.944,,0.951,0.952,0.946,0.958,0.949,0.963,0.943,0.946,0.952
103,0.954,0.947,0.958,0.952,0.943,0.949,0.951,0.952,0.946,0.958,0.948,0.961,0.942,0.946,0.951
104,0.954,0.947,0.958,0.952,0.943,0.949,,0.951,0.946,0.958,0.946,0.961,0.942,0.946,0.951
105,0.954,0.947,0.0,0.952,0.942,0.946,0.947,0.95,0.946,0.958,0.946,0.961,0.942,0.946,0.949
106,0.953,0.947,0.0,0.952,0.942,0.943,0.945,0.95,0.946,0.958,0.946,0.961,0.939,0.946,0.948
107,0.953,0.947,0.0,0.952,0.94,0.943,0.945,0.95,0.946,0.957,0.946,0.961,0.939,0.943,0.948
108,0.953,0.945,0.0,0.948,0.939,0.943,0.945,0.948,0.946,0.957,0.946,0.96,0.939,,0.948
109,0.953,0.945,0.0,0.946,0.939,0.943,0.945,0.948,0.946,0.957,0.945,0.96,0.939,0.941,0.948
110,0.952,0.944,0.0,0.946,0.939,0.942,0.944,0.948,0.945,0.957,0.945,0.957,0.938,0.941,0.947
111,0.952,0.944,0.0,0.946,0.939,0.942,0.944,0.948,0.943,0.956,0.945,0.957,0.937,0.941,0.947
112,0.952,0.944,0.0,0.945,0.939,0.94,,0.947,0.943,0.956,0.942,0.957,0.937,0.94,0.947
113,0.952,0.942,0.0,0.945,0.938,0.939,0.944,0.947,0.943,0.956,0.942,,0.935,0.94,0.946
114,0.952,0.942,0.0,0.943,0.938,0.938,0.944,0.945,0.943,0.956,0.942,0.955,0.935,0.94,0.946
115,0.952,0.942,0.0,0.943,0.937,0.937,0.943,0.945,0.943,0.955,0.942,0.954,0.935,0.939,0.946
116,0.952,0.941,0.0,0.943,0.937,0.936,0.943,0.944,0.942,0.955,0.94,0.954,0.934,0.939,0.946
117,0.951,0.94,0.0,0.943,0.936,0.936,0.943,0.943,0.94,,0.94,0.954,0.934,0.939,0.946
118,0.95,0.94,0.0,0.943,0.936,0.936,0.943,0.943,0.938,0.954,0.94,0.954,0.931,0.939,0.946
119,0.95,0.94,0.0,0.942,0.936,0.935,0.943,0.943,0.937,0.954,0.94,0.954,0.931,0.939,0.945
120,0.95,0.939,0.0,0.939,0.935,0.935,0.942,0.942,0.937,0.954,0.939,0.954,0.931,0.939,0.944
121,0.95,0.938,0.0,0.939,,0.935,0.942,0.942,0.937,0.954,0.939,0.953,0.931,0.939,0.941
122,0.95,0.937,0.0,0.939,0.934,0.935,0.942,0.942,0.936,0.953,,0.952,0.931,0.939,0.94
123,0.949,0.937,0.0,0.939,0.934,0.933,0.941,0.942,0.936,0.953,0.936,0.952,0.931,0.939,0.94
124,0.949,0.937,0.0,0.938,0.934,0.933,0.941,,0.936,0.953,0.936,0.951,0.929,0.938,0.94
125,0.948,0.937,0.0,0.937,0.934,0.933,0.941,0.941,0.935,0.952,0.936,0.951,0.929,0.938,0.94
126,0.948,0.936,0.0,0.937,0.933,0.933,0.941,0.941,0.933,0.949,,0.951,0.928,0.937,0.939
127,0.948,0.936,0.0,0.937,0.931,0.932,0.94,0.939,0.933,0.949,0.935,0.951,0.928,0.935,0.939
128,0.948,0.936,0.0,0.937,0.931,0.932,0.939,0.939,0.933,0.948,0.935,0.95,0.927,0.935,0.939
129,0.948,0.935,0.0,0.936,0.931,0.931,0.939,0.939,0.933,0.945,0.935,0.95,0.926,0.935,0.938
130,0.948,0.935,0.0,0.936,0.931,0.931,0.938,0.938,0.933,0.944,0.935,0.949,0.926,0.934,0.937
131,0.948,0.935,0.0,0.936,0.931,0.93,,0.938,0.931,0.944,0.935,0.948,0.926,0.933,0.937
132,0.948,0.935,0.948,0.936,,0.93,0.937,0.937,0.931,0.944,0.934,0.948,0.925,,0.936
133,0.947,0.935,0.948,0.933,0.93,0.93,0.935,0.937,0.931,0.944,0.934,0.948,0.925,0.933,0.935
134,,0.935,0.948,0.932,0.93,0.93,,0.937,0.929,0.944,0.934,0.946,0.925,0.933,0.935
135,0.947,0.934,0.947,0.932,0.93,0.929,0.934,,0.929,0.942,0.934,0.946,0.924,0.933,0.935
136,0.947,0.934,0.947,0.932,0.93,0.929,0.933,0.937,0.929,0.942,0.934,0.945,0.924,0.932,0.934
137,0.946,0.933,0.947,0.932,0.93,0.928,0.933,0.936,0.929,0.941,0.933,0.944,0.924,0.932,0.934
138,0.946,0.933,0.945,0.931,0.93,0.928,0.933,0.935,0.929,0.941,0.933,0.943,0.924,0.932,0.934
139,0.945,0.932,0.945,0.931,0.928,0.928,0.933,0.935,0.928,0.941,0.933,0.943,0.924,0.93,0.934
140,0.945,0.931,0.945,0.931,0.928,0.927,0.931,0.934,0.927,0.94,0.933,0.943,0.924,0.929,0.934
141,0.945,0.931,0.944,0.93,0.928,0.927,0.931,0.933,0.927,0.94,0.932,0.942,0.922,0.929,0.933
142,0.944,,0.943,0.929,0.928,0.927,0.931,0.933,0.926,0.94,0.932,0.942,0.922,0.929,0.933
143,0.944,0.931,0.942,,0.927,0.927,0.931,0.933,0.925,0.94,0.932,0.942,0.922,0.929,0.932
144,0.944,0.93,0.942,0.929,0.926,0.927,0.931,0.933,0.925,0.94,0.93,0.942,0.922,0.928,0.932
145,0.944,0.929,0.941,0.929,0.926,0.926,0.931,0.932,0.925,0.938,0.93,0.941,0.922,0.927,0.932
146,0.944,0.929,0.941,0.929,0.925,0.926,0.931,0.932,0.925,0.938,0.93,0.941,0.921,0.927,0.931
147,0.944,0.927,0.941,0.928,0.924,0.926,0.931,0.932,0.925,0.937,0.93,0.94,0.921,0.927,0.929
148,0.943,0.927,0.941,0.928,0.924,0.926,0.93,0.932,0.924,0.937,0.93,0.94,0.921,0.926,0.929
149,0.942,0.927,0.94,0.928,0.924,0.926,0.93,0.931,0.924,0.937,0.93,0.939,0.921,0.926,0.929
150,0.941,0.926,0.939,0.927,,0.926,0.93,0.928,0.922,0.935,0.928,0.937,0.921,0.925,0.929
151,0.939,0.926,0.939,0.926,0.923,0.926,0.93,0.928,0.922,0.935,0.928,0.937,0.921,0.923,0.928
152,0.939,0.926,0.939,0.924,0.922,0.926,0.93,0.928,0.921,0.935,0.927,0.937,0.921,0.923,0.928
153,0.938,0.926,0.939,0.923,,0.926,0.93,0.927,0.92,0.934,0.927,0.935,0.919,0.922,
154,0.938,0.925,0.938,0.922,0.921,0.926,0.93,0.924,0.92,0.934,0.925,0.934,0.919,0.922,0.928
155,,0.923,0.937,0.921,0.921,0.926,0.93,0.923,0.92,0.933,0.924,0.934,0.919,0.922,0.928
156,0.936,0.92,0.937,0.921,0.921,0.925,0.929,0.923,0.92,,0.924,0.934,0.919,0.922,0.928
157,0.936,0.92,0.936,0.92,0.921,,0.929,0.922,0.915,0.933,0.923,0.934,0.918,0.922,0.927
158,0.936,0.919,0.935,0.92,0.921,0.924,0.929,0.922,0.915,0.933,0.922,0.933,0.918,0.922,0.927
159,0.936,0.918,0.935,0.92,0.92,0.924,0.928,0.922,0.915,0.932,0.922,0.932,0.918,0.922,0.926
160,0.936,0.918,0.935,0.92,0.92,0.924,0.927,0.921,0.915,0.932,0.921,0.932,0.917,0.92,0.926
161,0.934,0.917,0.934,0.92,0.92,0.924,0.926,0.921,0.915,0.932,0.921,0.932,0.916,0.918,0.923
162,0.934,0.915,0.933,0.92,0.92,0.922,0.926,0.921,0.914,0.932,0.921,0.932,0.916,0.918,0.923
163,0.934,0.915,0.932,0.919,0.919,0.922,0.925,0.921,0.914,0.932,0.919,0.932,0.915,0.918,0.922
164,0.933,0.915,0.932,,0.919,0.922,0.925,0.92,0.914,0.932,0.918,0.932,0.911,0.918,0.922
165,0.933,0.914,0.931,0.918,0.919,,0.925,0.92,0.914,0.932,0.918,0.932,0.911,0.918,0.922
166,0.932,0.914,0.931,0.918,0.917,0.92,0.925,0.92,0.914,0.931,0.918,0.931,0.911,0.918,0.922
167,0.932,0.914,0.931,0.918,0.917,0.92,0.925,0.919,0.914,0.93,0.917,0.931,0.911,0.918,0.919
168,0.932,0.913,0.93,0.918,0.915,0.919,0.924,0.919,0.914,0.93,0.917,0.93,0.911,,0.919
169,0.931,0.913,0.93,0.914,0.915,0.917,0.922,0.919,0.914,0.93,0.917,0.929,0.911,0.917,0.919
170,0.93,0.912,0.929,0.914,0.912,0.917,0.922,0.918,0.912,0.929,0.916,0.929,0.91,0.916,0.917
171,0.93,0.912,0.929,0.914,0.911,0.917,0.922,0.918,0.912,0.929,0.915,0.928,0.91,0.916,0.917
172,0.93,0.912,0.929,0.913,0.911,0.917,0.922,0.918,,0.929,0.915,0.928,0.91,0.916,0.917
173,0.93,0.911,0.929,0.912,0.91,0.917,0.92,0.918,0.911,0.929,,0.926,0.91,0.916,0.917
174,0.929,0.911,0.928,0.912,0.91,0.917,0.92,0.917,0.911,0.929,0.913,0.926,0.909,0.916,0.917
175,0.929,0.911,0.927,0.911,0.91,0.916,0.92,0.915,0.909,0.928,0.913,0.926,0.909,0.916,0.916
176,0.927,0.911,0.927,0.911,0.91,0.916,,0.914,0.909,0.926,0.912,0.925,0.909,0.916,0.916
177,0.927,0.91,0.927,0.909,0.91,0.916,0.919,0.912,0.908,0.926,0.912,0.925,0.909,0.916,0.916
178,0.926,0.91,0.927,0.907,0.909,0.916,0.919,0.911,0.907,0.926,0.911,0.925,0.908,0.916,0.916
179,0.926,0.908,0.927,0.907,0.909,0.916,0.919,0.911,0.907,0.925,0.911,0.924,0.908,0.916,0.914
180,0.926,0.908,0.927,0.906,0.908,0.916,0.919,0.911,0.0,0.924,0.911,0.924,0.906,0.916,0.913
181,0.926,,0.926,0.906,0.907,0.916,0.918,0.911,0.0,0.924,0.91,0.923,0.905,0.916,0.913
182,0.926,0.908,0.926,0.905,0.907,0.916,0.918,0.911,0.0,0.921,0.91,0.921,0.905,0.914,0.913
183,0.926,0.907,0.926,0.905,0.907,0.914,0.918,0.911,0.0,0.921,0.91,0.92,0.901,0.914,0.913
184,0.925,0.907,0.926,0.905,0.907,0.913,0.918,0.911,0.0,0.92,0.91,0.919,0.894,0.914,0.913
185,0.923,0.905,0.926,0.904,0.907,0.913,0.918,0.911,0.0,0.92,0.909,0.919,0.894,0.913,0.912
186,0.922,0.905,0.925,0.904,,0.91,0.918,0.911,0.905,0.919,0.909,0.919,0.894,0.912,0.912
187,0.922,0.905,0.925,0.902,0.906,0.91,0.917,0.911,0.903,0.919,0.909,0.919,0.894,0.911,0.912
188,0.922,0.904,0.924,0.901,0.906,0.91,0.917,0.911,0.903,0.919,0.907,0.919,0.894,0.911,0.91
189,0.922,0.903,,0.901,0.906,0.91,0.917,,0.902,0.919,0.907,0.919,0.893,0.911,0.909
190,0.922,0.903,0.924,0.9,0.905,0.909,0.917,0.91,0.901,0.919,0.907,3926.0,0.891,0.911,
191,0.922,0.902,0.923,0.9,0.905,0.908,0.916,0.91,0.901,0.919,0.907,3926.0,0.891,0.911,0.909
192,0.922,0.902,0.923,0.897,,0.908,0.916,6861.0,0.901,0.918,0.907,3926.0,0.891,0.91,0.909
193,0.921,0.902,0.923,0.897,0.904,0.908,0.916,6861.0,0.901,0.918,0.907,0.918,0.89,0.909,0.909
194,0.921,,0.923,,0.904,0.907,0.915,6861.0,0.901,0.918,0.906,0.918,0.889,0.909,0.909
195,0.92,0.9,0.923,0.897,0.903,0.907,0.913,0.908,0.901,0.918,0.906,0.916,0.889,0.909,0.908
196,0.92,0.9,0.922,0.894,0.902,0.906,,0.908,0.901,0.918,,0.916,0.888,0.909,0.907
197,0.92,0.9,0.921,0.892,0.902,0.906,0.913,0.908,0.9,0.918,0.906,0.915,0.884,0.908,0.907
198,0.92,0.9,0.921,0.892,0.899,0.906,,0.908,0.9,0.917,0.906,0.914,0.884,0.908,0.907
199,0.92,0.899,0.921,0.892,0.899,0.906,0.913,0.907,0.9,0.916,0.905,0.914,0.884,0.907,0.906
200,0.919,0.899,0.919,0.892,0.897,0.906,0.913,0.907,0.9,0.916,0.905,0.914,0.884,0.906,0.905
201,1.0,1.0,1.0,1.0,1.0,1.0,1.0,1.0,1.0,1.0,1.0,1.0,1.0,1.0,1.0
202,0.999,1.0,1.0,0.999,1.0,1.0,0.999,1.0,0.999,1.0,1.0,0.996,1.0,0.999,1.0
203,0.999,1.0,1.0,0.997,1.0,0.999,0.999,,0.999,1.0,0.998,0.996,1.0,0.999,1.0
204,0.998,1.0,1.0,0.995,1.0,0.998,0.999,1.0,,1.0,0.998,0.994,0.999,0.999,1.0
205,0.998,0.999,0.999,0.995,1.0,0.998,0.998,1.0,0.995,0.999,0.998,0.993,0.999,0.997,0.999
206,0.997,0.999,0.999,0.995,1.0,0.997,0.998,1.0,0.995,0.999,0.998,0.993,0.998,0.997,0.996
207,0.997,0.998,0.999,0.995,0.999,0.997,0.998,0.999,0.995,0.999,0.998,0.993,0.997,0.996,0.995
208,,,0.999,0.995,0.998,0.997,3929.0,0.999,0.994,0.998,0.997,0.993,0.996,0.995,0.995
209,0.997,0.997,0.999,0.995,0.997,0.997,3929.0,0.999,0.994,0.998,0.997,0.993,0.995,0.995,0.995
210,0.994,0.996,0.999,0.995,0.996,0.996,0.997,0.998,0.993,0.998,0.997,0.992,,0.995,0.995
211,0.994,0.996,0.998,0.994,0.996,0.996,0.996,0.998,0.993,0.998,7329.0,,0.994,0.994,0.995
212,0.994,0.996,0.998,0.994,0.994,0.996,0.996,0.996,0.992,0.998,7329.0,0.992,0.994,0.994,0.994
213,0.992,0.996,0.997,0.994,0.994,0.996,0.989,0.995,0.992,0.998,7329.0,0.992,0.994,0.994,0.994
214,0.992,0.995,0.997,0.994,0.993,0.996,0.989,0.994,0.992,0.994,7329.0,0.992,0.994,0.994,
215,0.992,0.995,0.997,0.994,0.993,0.995,0.989,0.989,0.991,0.994,0.995,0.992,0.993,0.993,0.993
216,0.992,0.99,0.996,0.993,0.993,0.995,0.989,0.989,0.991,0.994,0.994,0.991,0.993,0.993,0.993
217,0.992,0.989,0.996,0.993,0.992,0.995,0.989,0.989,0.991,0.994,0.993,0.991,0.992,0.993,0.993
218,0.991,0.989,0.994,0.0,0.992,0.994,0.989,0.988,0.991,0.994,0.993,0.99,0.992,0.993,0.993
219,0.99,0.989,0.994,0.0,0.991,0.994,0.988,0.987,0.991,0.993,0.992,,0.992,0.993,0.993
220,0.99,0.989,0.994,0.0,0.991,0.993,0.988,0.987,0.991,0.992,0.99,0.987,0.991,0.993,0.993
221,0.989,0.989,0.994,0.0,0.991,0.993,0.987,0.986,0.991,0.992,0.988,0.987,0.99,0.993,0.993
222,0.988,0.988,0.993,0.0,0.991,0.993,0.987,0.986,0.991,0.991,0.988,0.986,0.99,0.993,0.993
223,0.987,0.988,0.993,0.0,0.988,0.993,0.987,0.986,0.99,0.991,0.987,0.986,0.99,0.993,0.992
224,0.987,0.985,0.992,,0.987,0.992,0.987,0.984,0.99,0.991,0.987,0.986,0.989,0.992,0.992
225,0.986,0.985,0.992,0.0,0.987,0.991,0.987,0.984,0.99,,0.987,0.986,0.989,0.992,0.99
226,0.986,0.983,0.992,0.0,0.987,0.987,0.987,0.984,0.99,0.991,0.987,0.986,0.989,0.991,0.99
227,0.981,0.982,0.992,0.0,0.986,0.987,0.986,0.984,0.99,0.99,0.987,0.986,0.988,0.99,8766.0
228,0.981,0.982,0.992,0.0,0.986,0.987,0.986,0.983,0.989,0.99,0.987,0.981,0.987,0.99,8766.0
229,0.98,0.98,0.992,,0.985,0.987,0.986,0.983,0.989,0.989,0.987,0.981,0.987,0.99,0.99
230,0.98,0.98,0.986,0.0,0.985,0.987,0.985,0.983,0.989,0.989,0.987,0.98,0.986,0.99,0.989
231,0.98,0.979,0.985,0.0,0.983,0.987,0.985,0.982,0.987,0.989,0.986,0.98,0.986,0.99,0.989
232,0.98,0.979,0.985,0.983,0.982,0.986,0.985,0.982,0.986,0.989,0.986,0.979,0.985,0.988,0.989
233,0.98,0.979,0.984,0.979,0.981,0.985,0.983,0.982,0.985,0.988,0.985,0.979,0.985,0.988,0.989
234,0.98,0.977,0.983,0.978,0.981,0.984,0.983,0.982,0.985,0.987,0.985,0.979,0.984,0.988,0.989
235,0.979,0.976,0.983,0.978,,0.984,0.983,0.982,0.985,,0.985,0.979,0.984,0.986,0.987
236,782.0,0.976,0.982,0.978,0.977,0.984,0.982,0.982,0.984,0.986,0.984,0.978,0.983,0.983,0.986
237,782.0,0.975,0.982,0.977,0.976,0.983,0.98,,0.984,0.986,0.984,0.977,0.977,0.983,0.986
238,782.0,0.975,0.981,0.977,0.976,0.982,0.98,0.982,0.983,0.986,0.983,0.976,0.977,0.982,0.986
239,0.978,0.975,0.981,0.977,0.976,0.982,0.979,0.982,0.98,0.986,0.983,0.975,0.977,0.982,0.986
240,0.978,0.973,0.981,0.977,0.976,0.982,0.979,0.981,0.98,0.985,0.982,0.975,0.977,0.981,0.986
241,0.977,0.973,0.981,0.977,0.974,0.982,0.978,0.981,0.978,0.985,0.98,0.974,0.977,0.981,0.986
242,0.977,0.972,0.979,0.975,0.974,0.982,0.978,0.978,0.978,0.984,0.98,0.974,0.976,0.981,0.986
243,0.977,0.972,0.979,0.975,0.974,0.982,0.978,0.978,0.978,0.982,0.979,0.974,0.976,0.981,0.985
244,0.975,0.972,0.978,0.975,0.974,0.979,0.977,0.978,0.975,0.982,0.979,0.972,0.976,,0.985
245,0.974,0.972,0.977,0.975,0.973,0.978,0.977,0.976,,0.982,0.978,0.972,0.976,0.98,0.985
246,0.974,0.972,0.976,0.975,0.973,0.978,0.976,0.976,0.975,0.981,0.977,0.972,0.975,0.978,0.984
247,0.974,0.972,0.975,0.975,0.973,0.978,0.976,0.976,0.975,0.98,0.977,0.972,0.974,0.977,0.984
248,0.974,0.971,0.975,0.975,,0.978,0.976,0.975,0.974,0.975,,0.972,0.974,0.977,0.984
249,0.972,0.969,0.975,0.974,0.971,0.978,0.973,0.975,0.974,0.975,0.977,0.971,0.974,0.977,0.983
250,0.972,0.967,0.975,0.97,0.971,0.978,0.972,0.975,0.97,0.974,0.977,0.971,0.974,0.977,0.983
251,0.972,0.966,0.975,0.969,0.971,0.978,0.972,0.975,0.969,0.973,0.977,0.971,0.974,,0.983
252,0.971,0.966,0.974,0.969,0.971,,0.972,0.975,0.969,0.973,0.977,0.971,0.974,0.975,0.983
253,0.971,0.966,0.973,0.968,0.971,0.975,0.972,0.974,0.969,0.973,0.977,0.97,0.974,0.975,0.981
254,0.971,0.965,0.973,0.968,0.97,0.975,0.972,0.972,0.968,0.973,0.977,0.968,0.974,0.975,0.981
255,0.969,0.965,0.972,0.967,0.97,0.975,0.97,0.972,0.968,0.973,0.977,0.967,0.974,0.975,0.981
256,0.969,0.963,0.97,0.966,0.969,0.975,,0.972,0.965,0.973,0.977,0.967,0.974,0.975,0.981
257,0.967,0.963,,0.964,0.968,0.974,0.97,0.972,0.965,0.967,0.977,0.963,0.973,0.974,0.98
258,0.966,0.962,0.967,0.964,0.968,0.974,0.97,0.972,0.965,0.967,0.977,0.961,0.97,0.974,0.98
259,,0.962,0.965,0.964,,0.974,0.97,0.971,0.964,0.966,0.975,0.961,0.969,0.972,0.979
260,0.966,0.962,0.965,0.964,0.967,0.974,0.97,0.969,0.964,0.965,0.975,0.96,0.968,0.971,0.979
261,0.965,0.962,0.963,0.964,0.966,0.974,0.97,0.969,0.964,0.965,0.975,0.96,0.968,0.971,0.979
262,0.965,0.96,0.963,0.963,0.965,0.973,0.97,,0.963,0.962,0.974,0.959,,0.969,
263,0.965,0.96,0.963,0.963,0.965,0.973,0.97,0.968,0.963,0.962,0.974,0.959,0.968,0.968,0.978
264,0.965,0.959,0.963,0.963,0.965,0.973,0.969,0.968,0.963,0.962,0.973,0.959,0.968,0.968,0.974
265,0.964,0.956,0.958,0.963,0.964,0.972,0.969,0.968,0.963,0.961,0.972,0.959,0.968,0.968,0.973
266,0.964,0.955,0.958,0.963,0.964,0.972,0.968,0.967,0.963,0.96,0.972,0.957,0.967,0.968,0.973
267,0.964,0.955,0.958,0.962,0.964,0.972,0.967,0.965,0.96,0.96,0.971,0.957,0.967,0.968,0.972
268,0.963,0.955,0.958,0.962,0.964,0.971,0.967,0.964,0.959,0.958,0.971,0.957,0.967,0.968,0.972
269,0.963,0.955,0.958,0.962,0.964,0.971,0.966,0.963,0.959,0.958,0.97,0.957,0.966,0.968,0.971
270,0.962,0.955,0.958,0.962,0.962,0.97,0.965,0.963,0.959,0.958,0.97,0.957,0.966,0.967,0.971
271,0.96,0.955,0.958,0.96,0.961,,0.965,0.963,0.959,0.957,0.969,0.956,0.966,0.967,0.969
272,0.96,0.955,0.956,0.959,0.961,0.97,0.965,0.963,0.955,0.956,0.968,0.956,0.965,0.966,0.963
273,0.959,0.955,0.956,0.958,0.96,0.97,0.965,0.963,0.954,0.956,0.968,0.955,0.965,0.966,0.963
274,0.959,0.955,0.956,0.958,0.96,0.968,0.965,0.963,0.952,0.956,0.968,0.953,0.964,0.965,0.962
275,0.959,0.954,0.956,0.957,0.96,0.968,0.963,0.96,0.952,0.955,0.968,0.953,0.963,0.963,0.961
276,0.959,0.953,0.956,0.957,0.96,0.968,0.963,0.96,0.95,0.955,0.967,0.952,0.963,0.963,0.961
277,0.959,0.953,0.955,0.956,0.959,0.966,0.962,0.96,0.949,0.955,0.967,0.951,0.961,0.963,0.961
278,0.958,,0.955,0.956,0.959,0.966,0.962,9988.0,0.949,0.955,,0.951,0.961,0.963,0.961
279,0.958,0.953,0.955,0.956,0.958,0.966,0.961,9988.0,0.948,0.955,0.96,0.951,0.961,0.962,0.961
280,0.958,0.953,0.954,0.956,0.958,0.966,0.96,0.959,0.948,0.954,0.96,0.951,0.961,0.961,0.961
281,0.958,0.953,0.954,0.955,,0.966,0.96,0.959,0.948,0.95,0.96,0.95,0.96,0.96,0.961
282,0.958,0.953,0.952,,0.958,0.966,0.959,0.959,0.947,0.95,0.96,0.95,0.96,0.959,0.961
283,0.957,0.951,0.952,0.954,0.957,0.966,0.958,0.958,0.947,0.95,0.96,0.949,0.96,0.959,0.96
284,0.957,0.951,0.951,0.954,0.957,0.966,0.958,0.958,0.947,0.95,0.959,0.948,0.959,,0.96
285,0.957,0.951,0.951,0.954,0.956,0.966,0.958,0.958,0.947,0.95,0.959,0.948,0.959,0.958,0.958
286,0.956,0.951,0.949,0.954,0.955,0.965,0.958,0.958,0.947,0.95,0.957,0.948,0.959,0.958,0.958
287,0.955,0.951,0.948,0.953,0.954,0.964,0.956,0.958,0.947,0.95,0.955,,0.959,0.958,0.956
288,0.955,0.951,0.948,0.953,0.954,0.963,0.956,0.958,0.946,0.95,0.953,0.948,0.958,0.956,0.956
289,0.954,0.951,0.948,0.953,0.954,0.963,0.955,0.958,0.946,0.949,0.953,,0.957,0.956,0.956
290,0.953,0.949,0.948,0.953,0.951,0.962,0.955,0.956,0.946,0.949,0.953,0.947,0.957,0.956,0.956
291,0.952,0.949,0.948,0.953,0.951,0.962,0.955,0.954,0.945,0.948,0.953,,0.956,0.955,
292,0.952,0.949,0.946,0.953,0.951,0.962,0.954,0.954,0.945,0.948,0.953,0.947,0.956,0.953,
293,0.951,0.949,0.946,0.952,0.951,0.962,0.954,0.954,0.944,0.947,0.953,0.947,0.956,0.953,0.956
294,0.951,0.949,0.945,0.952,0.951,0.962,0.954,0.954,0.944,0.947,0.953,0.947,0.956,0.953,0.955
295,0.949,0.948,0.945,0.952,0.951,0.962,0.954,0.952,0.944,0.946,0.953,0.947,0.955,0.953,0.953
296,,0.947,0.945,0.951,0.95,0.961,0.954,0.95,0.944,0.946,0.952,0.946,0.954,2928.0,
297,0.948,0.946,0.945,0.949,0.95,0.96,0.954,0.95,0.942,0.946,0.952,0.946,0.954,2928.0,
298,0.948,0.945,0.945,0.949,0.949,0.96,0.953,0.95,0.942,0.946,0.952,0.945,0.953,2928.0,0.953
299,0.948,0.945,0.944,0.949,0.949,0.959,0.953,0.95,,0.946,0.95,0.945,0.953,2928.0,0.952
300,0.948,0.945,0.944,0.947,0.949,0.959,0.953,0.949,0.939,0.946,0.95,0.945,0.953,0.951,0.951
301,0.948,0.945,0.944,0.946,0.949,0.959,0.952,0.949,0.938,0.945,0.95,0.945,0.953,0.948,0.949
302,0.946,0.944,0.943,0.946,0.948,0.959,0.952,0.948,0.936,0.943,0.949,0.944,0.952,0.948,0.949
303,0.945,0.944,0.942,0.946,0.948,0.958,0.952,0.948,0.936,0.943,0.948,0.944,0.95,0.946,0.949
304,,0.944,0.942,0.946,,0.957,0.952,0.947,0.935,0.943,0.947,0.944,0.95,0.946,0.949
305,0.944,0.944,0.942,0.945,0.947,0.956,0.952,0.946,,0.942,0.947,,0.95,0.946,0.949
306,0.944,0.942,0.941,0.945,0.946,0.956,0.952,0.946,0.934,0.942,0.947,0.943,0.95,0.946,0.949
307,0.944,0.942,0.941,0.945,0.946,0.955,0.951,0.945,0.932,0.942,0.947,0.943,0.949,1866.0,0.949
308,0.942,0.942,0.94,0.945,0.946,0.955,0.951,0.945,0.932,0.941,0.946,0.94,0.949,1866.0,0.949
309,0.939,0.942,0.94,0.944,0.946,0.954,0.951,0.943,0.931,0.941,0.945,0.94,0.948,1866.0,0.948
310,0.939,0.942,0.94,0.944,0.945,0.952,0.951,0.943,0.931,0.941,0.945,0.937,0.948,1866.0,0.948
311,0.939,0.941,0.94,0.944,0.945,0.952,0.951,0.943,0.93,0.941,0.945,0.937,0.948,0.946,0.948
312,0.936,0.941,0.939,0.943,0.945,0.952,0.949,0.943,0.93,0.94,0.945,0.936,0.948,0.946,0.948
313,0.936,0.941,0.938,0.943,0.943,0.952,0.949,0.942,0.928,0.94,0.945,0.936,0.948,0.945,0.948
314,0.936,0.941,0.938,0.943,0.942,0.952,0.949,0.941,0.928,0.94,0.945,0.935,0.947,0.943,0.947
315,0.935,0.94,0.938,0.943,0.942,2643.0,0.949,0.941,0.927,0.94,0.944,0.935,0.945,0.942,0.946
316,0.935,,0.938,0.943,0.942,2643.0,0.949,0.941,0.927,0.94,0.944,0.935,0.945,0.942,0.946
317,0.934,0.94,0.938,0.943,0.941,2643.0,0.949,0.94,0.926,0.94,0.943,0.934,0.944,0.94,0.946
318,0.934,0.94,,0.943,0.941,2643.0,0.948,,0.925,0.939,,0.934,0.944,0.94,0.946
319,0.929,0.94,0.937,0.94,0.941,0.95,0.948,0.94,0.924,0.938,0.942,0.933,0.943,0.94,0.944
320,0.928,0.939,0.937,0.937,0.941,0.95,0.948,0.94,0.924,0.938,0.942,0.933,0.943,0.938,0.943
321,0.928,0.939,0.937,0.937,0.941,0.949,0.948,0.939,0.924,0.938,0.941,0.933,,0.937,0.943
322,0.928,0.938,0.937,0.936,0.941,0.949,0.948,0.936,0.923,0.937,,0.932,0.939,0.937,0.943
323,0.928,0.938,0.936,,0.94,0.949,0.948,0.936,0.922,0.937,0.941,0.932,0.938,0.937,0.943
324,0.928,0.938,0.934,0.936,0.94,0.949,0.948,0.935,0.922,,0.94,0.932,0.937,0.937,0.942
325,0.928,0.938,0.934,0.932,0.939,0.949,0.947,0.933,0.922,0.936,0.94,0.932,0.937,0.937,0.942
326,0.927,0.938,0.934,,0.937,0.949,0.947,0.932,0.921,0.936,0.939,0.932,0.937,0.937,0.941
327,0.927,0.938,0.932,0.932,,0.948,0.946,0.93,0.92,0.936,0.939,0.932,0.937,0.937,0.94
328,0.926,0.938,0.932,0.931,0.937,,0.946,0.93,0.92,0.936,0.939,0.929,0.937,0.937,0.939
329,0.926,0.937,0.932,0.931,0.937,0.948,0.946,0.93,0.918,0.935,0.938,0.929,0.937,0.935,0.936
330,0.923,0.937,0.932,0.93,0.935,0.947,0.946,0.93,0.918,0.934,0.938,0.929,0.937,0.935,0.936
331,0.923,0.936,0.932,0.93,0.935,0.947,0.945,0.93,0.917,0.934,0.938,0.929,0.936,0.934,0.936
332,0.921,0.936,0.931,0.929,0.935,0.947,0.945,0.929,0.916,0.927,0.938,0.929,0.935,0.934,0.934
333,0.921,0.936,0.929,0.929,0.935,0.947,0.945,0.929,0.916,0.927,0.938,0.929,0.935,0.934,0.932
334,0.921,0.936,0.929,0.928,0.934,0.946,0.944,0.928,0.916,0.927,0.937,0.929,0.934,0.934,0.932
335,0.919,0.936,0.929,0.926,0.933,0.946,0.944,0.928,0.916,0.924,0.937,0.929,0.933,0.934,0.932
336,0.919,0.935,0.928,,0.933,0.946,0.944,0.927,0.911,0.922,0.937,0.928,0.933,0.933,0.931
337,0.919,0.935,0.928,0.924,0.933,0.946,0.943,0.927,0.911,0.922,0.937,0.928,0.933,0.933,0.931
338,0.919,0.934,0.928,0.924,0.931,0.946,0.941,,0.911,0.922,0.936,0.928,0.933,0.933,0.93
339,0.919,0.934,0.927,0.924,0.928,0.945,0.94,5700.0,0.911,0.922,0.936,0.927,0.932,0.933,0.93
340,0.918,0.934,0.927,0.922,0.928,0.945,0.939,5700.0,0.91,0.922,0.936,0.927,0.932,0.933,0.93
341,0.918,0.933,0.927,0.922,0.927,0.945,,5700.0,0.91,0.921,0.936,0.927,0.93,0.933,0.93
342,0.916,0.933,0.926,0.922,0.927,,0.939,5700.0,0.91,0.92,0.935,0.926,0.93,0.933,0.929
343,0.916,0.933,0.926,0.922,0.927,0.945,0.939,0.925,0.909,0.92,0.935,0.925,0.928,0.933,0.929
344,0.916,0.0,0.926,0.921,0.927,0.944,0.939,0.925,0.909,0.92,0.934,0.925,0.928,0.933,0.929
345,0.916,0.0,0.926,0.92,,0.944,0.938,0.925,0.909,0.919,0.931,0.925,0.928,0.932,0.928
346,0.916,0.0,0.926,0.92,0.926,0.944,0.938,0.924,0.909,0.919,0.931,0.924,0.928,0.932,0.927
347,0.916,0.0,0.926,0.919,0.926,,0.938,0.924,0.909,0.919,0.93,0.924,0.927,0.932,0.927
348,0.916,0.0,0.925,0.919,0.926,0.942,0.938,0.923,0.909,0.919,0.929,0.924,0.923,0.932,0.927
349,0.916,0.0,0.922,0.919,0.926,0.942,0.938,0.923,0.908,0.918,0.929,,0.922,0.931,0.927
350,0.916,0.0,0.921,,0.925,0.942,0.937,,0.907,0.918,0.929,0.923,0.922,0.931,0.927
351,0.915,0.0,0.921,0.918,0.925,0.942,,0.923,0.907,0.918,0.929,0.923,0.922,0.931,0.926
352,0.914,0.0,0.921,0.918,0.925,0.942,,0.922,0.907,0.918,0.929,0.923,0.922,0.931,0.926
353,0.914,0.0,0.921,0.918,0.925,0.938,0.936,0.922,0.907,0.917,0.929,0.923,0.922,0.93,0.925
354,0.913,0.0,0.921,0.917,0.924,0.938,0.935,0.922,0.907,0.917,0.929,0.923,0.921,0.93,0.924
355,0.913,0.0,0.921,0.917,0.923,0.938,0.935,0.921,0.906,0.916,0.929,0.923,0.919,0.93,0.924
356,0.913,0.0,0.92,0.917,0.922,0.938,0.935,0.921,0.906,0.916,0.929,0.923,0.918,0.929,0.923
357,0.913,0.0,0.92,0.916,0.922,0.938,0.934,0.921,0.904,0.914,0.928,0.923,0.918,0.929,0.923
358,0.913,0.0,0.919,0.916,0.922,0.937,0.934,0.92,0.903,0.913,0.927,,0.918,0.929,0.923
359,0.913,0.0,0.919,0.916,0.921,0.937,0.0,0.92,0.902,0.91,0.927,0.923,0.917,0.929,0.921
360,0.912,0.0,0.919,0.915,0.921,0.936,0.0,0.918,0.902,0.91,0.927,0.923,0.917,0.929,0.92
361,0.912,0.0,0.919,0.915,0.921,0.936,0.0,0.917,0.901,0.91,0.926,0.922,0.916,0.929,0.92
362,0.911,0.0,0.919,0.915,0.921,0.936,0.0,0.917,0.901,0.91,0.926,0.921,0.915,0.929,0.92
363,0.911,0.0,0.919,0.914,0.92,0.935,0.0,,0.901,0.91,0.924,0.921,0.915,0.928,0.918
364,0.911,0.0,0.919,0.914,0.92,0.935,0.0,0.917,0.899,0.91,0.923,0.921,0.915,0.927,0.918
365,0.91,0.0,0.919,0.913,0.919,0.935,0.0,0.917,0.899,0.91,0.923,0.92,0.915,0.926,0.916
366,0.91,0.0,0.918,0.913,0.919,0.935,0.0,0.916,0.897,0.91,0.923,0.92,0.915,0.926,0.916
367,0.91,0.0,0.917,0.912,0.919,0.934,0.0,0.916,0.897,0.908,0.923,0.92,0.915,0.925,0.916
368,0.91,,0.907,0.912,0.917,0.932,0.0,0.915,0.896,0.908,0.922,,0.915,0.925,0.916
369,0.91,0.0,0.907,0.911,0.917,0.932,0.0,0.915,0.896,0.907,0.922,0.918,0.915,0.925,0.915
370,0.91,0.0,0.906,0.911,0.917,0.931,0.0,0.915,0.896,0.907,0.921,0.917,0.913,0.925,0.915
371,0.909,0.922,0.905,0.911,0.917,0.93,0.0,0.914,0.894,0.906,0.921,0.917,,0.925,0.914
372,0.909,0.919,0.905,0.911,,0.93,0.0,0.914,0.894,0.906,0.917,0.917,0.913,0.924,0.913
373,0.908,0.919,0.904,0.911,0.917,0.929,0.0,0.914,0.894,0.906,0.917,0.917,0.911,0.919,0.911
374,0.907,0.919,0.904,0.911,,0.929,0.0,0.914,0.891,0.905,0.917,0.917,0.911,0.919,0.909
375,0.907,0.919,6298.0,0.911,0.915,,0.921,0.912,0.889,0.905,0.917,0.916,0.911,0.919,0.908
376,0.907,0.919,6298.0,0.91,0.915,0.927,0.921,0.911,0.889,0.905,0.916,0.914,0.911,0.917,0.907
377,0.906,0.919,6298.0,0.91,0.915,0.923,0.92,0.911,0.887,0.905,0.916,0.914,0.911,0.917,0.907
378,0.906,0.918,6298.0,0.91,0.915,0.923,0.919,0.91,0.887,0.904,0.916,0.913,0.911,0.917,0.906
379,0.906,0.918,0.9,0.909,0.915,0.923,0.918,0.91,0.887,0.904,0.914,0.913,0.91,0.916,0.906
380,0.906,0.916,0.9,0.908,0.915,0.923,0.918,0.909,0.887,0.904,0.914,0.909,0.91,0.916,0.906
381,0.905,0.916,0.9,0.907,0.915,0.921,0.918,0.909,0.887,0.904,0.914,0.909,0.91,0.916,0.906
382,0.905,0.915,0.899,0.907,0.915,0.921,0.918,0.909,0.887,0.904,0.913,0.908,0.909,0.915,0.906
383,0.903,0.915,0.899,0.907,0.913,0.921,0.917,0.908,0.886,0.904,0.913,0.908,0.909,0.915,0.906
384,0.902,0.914,0.897,0.907,0.912,0.92,0.916,0.908,0.885,0.904,0.912,0.906,0.909,,0.906
385,0.902,0.913,0.897,0.906,0.912,0.92,0.916,0.906,0.885,0.902,,0.906,0.908,0.915,0.906
386,0.9,0.912,0.896,0.905,0.91,0.92,0.916,0.905,0.885,0.901,0.912,0.905,0.907,0.914,0.906
387,0.9,0.912,0.896,0.905,0.91,0.919,0.916,0.904,0.884,0.901,0.912,0.905,0.907,0.913,0.906
388,0.899,0.911,0.895,0.905,0.91,0.919,0.915,0.904,0.884,0.901,0.911,0.905,0.907,0.912,
389,0.898,0.911,0.894,0.904,0.909,0.919,0.914,0.9,0.884,0.901,0.911,,0.907,0.912,0.903
390,0.898,0.911,0.893,0.904,0.907,0.919,0.914,0.899,0.884,0.9,0.91,0.903,0.907,0.911,0.903
391,0.898,0.91,0.893,0.904,0.907,0.919,0.914,0.899,0.884,0.899,0.91,0.903,,0.911,0.903
392,0.898,0.91,0.892,0.904,0.907,0.919,0.912,0.899,0.884,0.899,0.909,0.903,0.907,0.91,0.902
393,0.897,0.907,0.891,0.904,,0.919,0.911,0.899,0.884,0.899,0.907,0.903,0.905,0.91,0.901
394,0.897,,0.891,0.903,0.907,0.918,,0.897,0.883,0.899,0.906,0.902,0.905,0.908,0.901
395,0.897,0.906,0.891,0.903,0.906,,0.91,0.896,0.882,0.898,0.906,0.902,0.904,0.908,0.901
396,0.896,0.906,0.89,0.903,0.906,0.917,0.91,0.896,0.882,0.898,0.906,0.902,0.903,0.908,0.901
397,0.895,0.906,0.89,0.902,0.905,0.917,0.91,0.895,0.882,0.897,0.905,0.902,,0.907,0.9
398,0.894,0.906,0.89,0.902,0.904,0.915,0.909,0.895,0.882,0.897,0.905,0.902,0.902,0.907,0.9
399,0.894,0.905,0.889,0.899,1295.0,0.914,0.908,0.894,0.881,0.896,0.905,0.902,0.902,0.907,
400,0.894,0.905,0.889,0.898,1295.0,0.914,0.908,0.894,0.881,0.895,0.903,0.902,0.902,0.907,0.899
401,1.0,1.0,1.0,1.0,1295.0,1.0,1.0,1.0,1.0,1.0,1.0,1.0,1.0,1.0,1.0
402,0.998,0.999,0.999,1.0,0.999,,1.0,1.0,1.0,0.999,1.0,1.0,1.0,0.999,1.0
403,,0.999,0.999,1.0,0.998,0.999,0.997,1.0,0.999,0.999,1.0,0.999,0.999,0.999,0.999
404,0.997,0.998,0.999,0.999,0.998,0.998,0.997,0.999,0.999,0.999,1.0,0.998,0.998,0.999,0.999
405,0.997,0.997,0.999,0.999,0.998,0.998,0.997,0.999,0.999,0.999,0.999,0.998,0.998,0.999,0.999
406,0.996,,0.997,0.997,0.998,0.997,0.996,0.999,,0.999,0.999,0.997,0.996,0.998,0.999
407,0.996,0.995,0.997,0.997,0.998,0.997,0.996,0.999,0.998,0.999,0.999,0.997,0.995,0.998,0.998
408,0.994,0.995,0.997,0.997,0.998,0.996,,0.999,0.998,0.997,0.995,0.997,0.995,0.998,0.997
409,0.994,0.994,0.997,0.997,0.997,0.996,0.995,0.998,0.998,0.997,2988.0,0.997,0.995,0.996,0.994
410,0.994,0.994,0.997,0.996,0.996,,0.995,0.998,0.997,0.997,2988.0,0.997,0.995,0.996,0.994
411,0.994,0.994,0.997,0.995,0.996,0.996,0.994,0.998,0.997,0.996,0.993,0.997,0.994,0.995,0.993
412,0.993,0.994,0.997,0.994,0.994,0.995,0.993,0.997,0.997,0.996,0.993,0.997,0.993,0.993,0.993
413,0.993,0.993,0.996,0.994,0.992,0.994,0.992,0.997,0.996,0.996,0.993,0.997,0.992,0.993,0.993
414,0.993,0.991,0.996,0.993,0.991,0.993,0.991,0.997,9784.0,0.993,0.993,0.995,0.991,0.992,0.993
415,0.993,0.99,0.996,0.993,0.99,0.993,0.991,0.996,9784.0,0.992,0.992,0.994,0.991,0.992,0.993
416,0.992,0.99,0.996,0.993,0.99,0.993,0.99,0.993,0.995,0.992,0.992,0.993,0.991,0.992,0.993
417,0.992,0.99,,0.993,0.99,0.993,0.99,0.992,0.994,0.992,0.992,0.992,0.99,0.992,0.992
418,0.992,,0.995,0.991,0.989,0.993,0.989,0.992,0.994,0.991,0.992,,0.989,0.991,0.992
419,0.991,0.99,0.995,0.99,0.989,0.993,0.989,0.992,0.993,0.988,0.992,0.992,0.988,0.991,0.99
420,,0.99,0.994,0.99,0.987,0.993,0.988,0.991,0.993,0.988,0.992,0.992,0.988,0.988,0.99
421,0.989,0.989,0.994,0.99,0.985,0.992,0.988,,0.993,0.987,0.991,0.991,0.988,0.988,0.99
422,0.989,0.988,0.993,0.99,0.984,0.991,0.988,0.99,0.992,0.987,0.991,0.991,0.988,0.987,0.99
423,0.989,0.986,0.993,0.99,0.983,0.991,0.988,0.99,0.992,0.987,0.99,0.991,0.987,,0.99
424,0.989,0.986,0.993,0.99,0.983,0.991,0.985,0.99,0.991,0.984,,0.991,0.987,0.985,0.989
425,0.989,0.986,0.992,0.989,0.983,0.991,0.985,,0.988,0.984,0.99,0.989,0.986,0.985,0.989
426,9085.0,0.986,0.992,0.987,0.983,0.991,0.985,0.989,0.987,0.984,0.987,0.989,0.986,0.985,0.987
427,9085.0,0.985,0.991,0.986,0.982,0.989,0.985,0.989,0.987,0.983,0.987,0.989,0.986,0.985,0.986
428,0.988,0.985,0.991,0.984,0.982,0.989,0.984,0.989,5740.0,0.983,0.987,0.989,0.986,0.984,0.986
429,0.988,0.984,0.991,0.981,0.981,0.986,0.984,0.988,5740.0,0.982,0.987,0.989,0.985,0.984,0.986
430,0.988,0.984,0.0,0.978,0.981,0.986,0.983,0.988,5740.0,0.982,0.987,0.988,0.984,0.984,0.985
431,0.988,0.982,0.0,0.978,0.981,0.985,0.983,0.987,0.979,0.982,0.987,0.988,0.984,0.983,0.985
432,0.984,0.982,0.0,0.978,0.977,0.985,0.982,0.987,,0.981,0.987,0.988,0.984,0.983,0.985
433,0.984,0.981,0.0,0.978,0.977,0.984,0.982,0.987,0.976,0.981,0.986,0.984,0.984,0.983,0.985
434,0.984,0.981,0.0,0.978,0.977,0.984,0.982,0.987,0.975,0.981,0.984,0.984,0.983,0.983,0.983
435,0.981,0.981,0.0,,0.977,0.984,0.982,0.987,0.973,0.981,0.983,0.984,0.983,0.983,0.983
436,0.978,0.981,0.0,0.978,0.975,0.983,0.982,0.987,0.971,1161.0,0.983,0.984,0.983,0.983,0.98
437,0.978,0.981,0.0,0.978,0.975,0.983,0.981,0.985,0.971,1161.0,0.982,0.983,0.983,0.983,0.98
438,0.977,0.981,0.0,0.974,0.975,0.983,0.981,0.985,0.971,0.98,0.98,0.983,0.983,0.982,0.98
439,0.977,0.979,0.0,0.972,0.975,0.982,0.978,0.984,0.97,0.98,0.98,0.982,0.982,0.982,0.98
440,0.976,0.979,0.0,0.97,0.975,0.981,0.977,0.982,0.97,0.98,0.979,0.981,0.982,0.982,0.98
441,0.976,0.979,0.0,0.97,0.973,0.981,0.977,0.982,0.97,0.978,0.979,0.981,0.982,0.981,0.98
442,0.975,0.979,0.0,0.969,0.972,0.98,0.977,0.981,0.97,0.978,0.979,0.98,0.981,0.981,0.979
443,0.975,0.979,0.0,0.969,0.972,0.98,0.977,0.981,0.97,0.978,0.979,0.98,0.981,0.981,0.978
444,0.975,0.979,0.0,0.968,0.972,0.98,0.976,0.98,0.968,0.977,0.978,0.98,0.981,0.981,0.978
445,0.974,0.978,0.0,0.966,0.971,0.98,0.976,0.98,0.968,0.977,0.978,0.98,0.98,0.981,0.978
446,0.974,0.978,0.0,0.965,0.971,,0.976,0.98,0.968,0.976,0.978,0.979,0.98,0.979,0.976
447,0.974,0.978,0.0,0.965,0.971,0.98,0.975,0.979,0.967,0.973,0.977,0.979,0.98,0.978,0.976
448,0.974,0.978,0.0,0.965,0.971,0.98,0.974,0.979,0.967,0.973,0.977,0.979,0.979,0.978,0.976
449,0.974,0.978,0.0,0.964,0.971,0.98,0.974,0.979,0.967,0.971,0.977,0.978,0.977,0.976,0.973
450,0.973,0.978,0.0,0.962,0.97,0.979,0.973,0.979,0.967,0.97,0.976,0.978,0.977,0.976,0.971
451,0.972,0.977,0.0,0.962,0.97,0.979,0.973,0.979,0.964,0.97,0.976,0.976,0.977,0.974,0.971
452,0.972,0.975,0.0,0.961,0.97,0.977,0.973,0.978,0.964,0.97,0.976,0.976,0.977,0.974,0.971
453,0.972,0.975,0.0,0.96,0.969,0.977,0.972,0.978,0.963,0.967,0.976,0.975,0.977,0.972,0.97
454,0.972,0.974,0.0,0.96,0.967,0.976,0.972,0.978,0.961,0.967,0.976,0.974,0.977,0.971,0.969
455,0.972,0.974,0.0,0.959,0.967,0.976,0.972,0.978,0.961,0.967,0.975,0.974,0.977,0.971,0.969
456,0.972,0.974,0.0,0.959,0.966,0.97,0.972,0.977,0.96,0.965,0.975,0.974,0.977,0.971,0.969
457,0.971,0.974,0.973,0.959,0.966,0.97,0.972,0.977,0.96,0.964,0.975,0.974,0.977,0.97,0.969
458,0.971,0.973,0.973,0.959,0.965,0.97,0.971,0.977,0.96,0.961,0.975,0.971,0.977,0.97,0.968
459,0.97,0.973,0.973,0.958,0.965,0.969,0.971,0.976,0.959,0.961,0.975,0.971,0.976,0.97,0.968
460,0.97,0.973,0.973,0.958,0.964,0.969,0.971,0.976,0.958,0.961,0.974,0.97,0.976,0.97,0.968
461,0.969,0.972,0.972,0.958,0.962,0.969,0.97,0.974,0.958,0.961,0.974,0.97,0.974,,0.968
462,0.969,0.972,0.972,0.958,0.961,0.969,0.97,0.973,0.958,0.961,0.971,0.97,,0.969,0.968
463,0.969,0.972,0.971,0.958,0.961,0.967,0.969,0.973,0.958,0.96,0.969,0.97,0.97,0.969,0.968
464,0.968,0.969,0.971,0.958,0.961,0.966,,0.973,0.956,0.959,0.968,0.968,0.968,0.969,0.967
465,0.967,0.968,0.971,0.957,0.96,0.965,0.969,0.971,0.956,0.958,0.968,0.967,0.968,0.968,0.964
466,0.967,0.966,0.971,0.957,0.958,0.965,0.968,0.97,0.956,556.0,0.968,0.967,0.968,0.967,0.964
467,0.967,0.966,0.969,0.956,0.958,0.963,0.968,0.969,0.956,556.0,0.966,0.967,0.968,0.967,0.964
468,0.967,0.966,0.969,0.956,0.958,0.962,0.967,0.969,0.956,0.953,0.966,0.967,0.967,0.967,0.964
469,0.967,0.966,0.969,0.956,0.957,0.962,0.967,0.969,0.956,0.952,0.965,0.965,0.967,0.965,0.964
470,0.965,0.965,0.969,0.955,0.957,0.962,0.967,0.966,0.955,0.952,0.964,0.965,0.966,0.965,0.963
471,0.964,0.964,0.968,0.955,0.957,0.962,0.967,0.966,0.955,0.952,0.964,0.962,0.964,0.963,0.963
472,0.964,0.964,0.966,0.953,0.956,0.962,0.967,0.966,0.953,0.951,0.964,0.961,0.964,0.963,0.961
473,0.964,0.964,0.965,0.953,0.955,0.962,0.966,0.966,0.953,0.951,0.963,0.961,0.963,0.963,0.96
474,0.964,0.964,0.965,0.952,0.954,0.962,0.966,0.966,0.95,0.951,0.962,0.961,0.963,0.963,0.96
475,0.963,0.963,0.965,0.952,0.953,0.961,0.966,0.965,0.95,0.951,0.962,0.958,0.962,0.963,0.959
476,0.963,0.963,0.965,0.951,0.953,0.961,0.966,0.965,0.948,0.951,0.962,0.958,0.957,0.962,0.959
477,0.963,0.962,0.965,0.95,0.953,0.961,0.966,0.96,0.948,0.951,0.962,0.958,0.957,0.961,0.959
478,0.0,0.962,0.964,0.95,0.952,0.961,0.965,0.96,0.948,0.951,0.962,0.958,0.956,0.96,0.959
479,0.0,0.96,0.964,0.949,0.952,0.959,0.964,0.96,0.948,0.95,0.962,0.957,0.956,0.959,0.959
480,0.0,0.96,0.964,0.948,0.952,0.957,0.964,0.959,0.947,0.95,0.961,0.957,,0.959,0.959
481,0.0,0.96,0.964,0.948,0.951,0.957,0.962,0.957,0.946,0.949,0.961,0.957,0.952,0.959,0.958
482,0.0,0.959,0.964,0.948,0.951,0.957,0.962,0.957,0.945,0.949,0.961,0.956,0.951,0.958,0.958
483,0.0,0.959,0.963,0.948,0.951,0.957,0.961,0.957,0.944,0.948,0.961,0.956,0.951,0.958,0.958
484,0.0,0.958,0.962,0.948,0.951,0.956,,0.954,0.944,0.948,0.961,0.956,0.949,0.958,0.956
485,0.0,0.958,0.962,0.947,0.951,0.954,0.959,0.954,0.944,0.948,0.96,0.956,0.947,0.958,0.956
486,0.0,0.958,0.962,0.947,0.95,0.954,0.959,0.953,0.943,0.948,0.96,0.955,0.947,0.958,0.956
487,0.0,0.958,0.962,0.946,0.95,0.954,0.959,0.953,0.943,0.947,0.96,0.954,0.947,0.957,0.953
488,0.0,0.957,0.962,0.946,0.95,0.954,0.959,0.953,0.943,0.945,0.959,0.953,0.947,0.957,0.953
489,0.0,0.957,0.962,0.945,0.949,0.953,0.958,0.952,0.943,0.944,0.958,0.953,0.947,0.956,0.952
490,0.0,0.957,0.962,0.945,0.949,0.953,0.958,0.952,0.942,0.943,0.958,0.952,0.946,,0.952
491,0.0,0.957,0.962,0.944,0.949,0.953,0.958,,0.942,0.943,0.958,0.952,0.946,0.956,0.952
492,0.0,0.957,0.961,0.944,0.949,0.953,0.958,0.952,,0.943,0.958,0.952,0.945,0.956,0.952
493,0.0,0.955,0.961,0.944,0.946,0.953,0.957,0.952,0.941,0.943,0.958,0.952,0.945,0.955,0.952
494,0.0,0.954,0.961,0.943,0.946,0.953,0.957,0.951,0.941,0.941,,0.952,0.943,0.955,0.952
495,0.0,0.953,0.961,0.942,0.946,0.952,0.957,0.95,0.94,0.941,0.957,0.952,0.943,0.954,0.952
496,0.0,0.952,0.96,0.941,0.945,0.952,0.957,0.95,0.939,0.941,0.956,0.952,0.943,0.954,0.952
497,0.0,0.952,0.959,0.94,0.944,0.951,0.957,0.95,0.938,0.941,0.955,0.951,0.943,0.954,0.952
498,0.0,0.949,0.959,0.94,0.944,0.951,0.954,0.948,0.937,0.94,0.955,0.95,0.941,,0.95
499,0.949,0.949,0.958,0.94,0.944,0.951,0.953,0.948,0.937,0.94,0.954,0.949,0.94,0.952,0.95
500,0.949,0.949,0.958,0.94,0.943,0.951,0.953,0.947,0.937,0.94,0.954,0.949,0.94,0.949,0.95
501,0.949,0.948,0.958,0.94,0.943,0.951,0.953,0.947,0.936,0.94,0.954,0.949,0.939,0.948,0.95
502,0.948,0.948,0.958,0.94,0.943,0.951,0.953,0.946,0.936,0.94,0.954,0.949,0.938,0.947,0.95
503,0.948,0.948,0.957,0.94,0.943,0.95,0.952,0.945,0.935,0.94,0.954,0.948,0.938,0.947,0.95
504,0.948,0.948,0.956,0.94,0.942,0.95,0.952,0.945,0.935,0.94,0.953,0.947,0.938,0.947,0.95
505,0.948,0.948,0.956,0.939,0.94,,0.952,0.945,0.934,0.939,0.953,0.947,0.938,0.944,0.949
506,0.947,0.948,0.955,0.936,0.94,0.948,0.952,0.945,0.934,0.938,,0.946,0.938,0.944,0.949
507,0.947,0.947,0.955,0.935,0.939,0.947,0.952,0.945,0.934,0.938,0.952,0.946,0.937,0.944,0.949
508,0.947,0.947,0.955,0.935,0.939,0.943,0.951,0.945,0.934,0.938,0.952,0.946,0.936,0.944,0.948
509,0.947,,0.955,0.934,0.938,0.943,0.951,0.945,0.934,0.938,0.952,0.945,0.936,0.943,0.948
510,0.946,0.947,0.955,0.934,0.938,0.942,0.95,0.945,0.934,0.937,0.952,0.945,0.936,0.943,0.948
511,0.946,0.946,0.955,0.934,0.937,0.942,0.95,0.944,0.932,0.936,0.951,0.945,0.935,0.943,0.947
512,0.946,0.946,0.954,,0.937,0.941,0.949,0.944,0.93,0.936,0.95,0.942,0.935,0.943,0.946
513,0.945,0.945,0.953,0.933,0.937,0.94,0.949,0.942,0.93,0.936,0.95,,0.935,0.942,0.946
514,0.945,0.945,0.953,0.932,4781.0,0.94,0.948,0.938,0.93,0.936,0.949,0.942,0.934,0.942,0.946
515,0.945,0.944,0.953,,4781.0,0.939,0.948,0.938,0.93,0.934,0.949,0.942,0.934,0.942,0.946
516,0.945,0.943,0.953,0.932,0.934,0.939,,0.938,0.93,0.934,0.948,0.941,0.933,0.941,0.946
517,0.945,0.943,0.953,0.932,0.934,0.938,0.948,0.938,0.93,0.934,0.948,0.937,0.933,0.939,0.946
518,0.945,0.943,0.953,0.931,0.933,0.938,0.947,0.937,0.93,0.934,0.948,0.937,0.933,0.939,0.946
519,0.945,0.943,0.952,0.931,0.932,,0.946,0.937,0.93,0.933,0.948,0.936,0.929,0.938,0.945
520,0.945,0.941,0.952,0.931,0.931,0.937,0.946,0.937,0.93,0.933,0.947,0.936,0.929,0.937,0.945
521,0.944,0.941,0.952,0.931,0.93,0.935,0.945,0.935,0.929,0.933,0.947,0.936,0.929,0.937,0.945
522,0.944,0.941,0.951,0.931,0.93,0.935,0.943,0.934,0.929,,0.947,0.936,0.927,0.936,0.944
523,0.944,,0.951,0.93,,0.935,0.943,0.934,0.929,0.932,0.946,0.935,0.927,0.936,0.944
524,0.944,0.94,0.951,0.929,0.928,0.935,0.941,0.933,0.929,0.932,0.945,0.935,0.925,0.936,0.944
525,0.944,0.939,0.951,0.928,0.928,0.935,0.941,0.932,0.929,,0.944,0.935,0.925,0.935,0.943
526,0.943,0.939,0.951,0.928,0.927,0.934,0.941,0.932,0.929,0.931,0.944,0.935,0.925,0.934,0.943
527,0.943,0.939,0.951,0.927,0.927,0.934,0.941,0.932,0.928,0.931,0.944,2228.0,0.925,0.933,0.942
528,0.943,0.938,0.95,0.925,0.927,0.934,0.941,0.932,0.928,0.931,0.944,2228.0,0.925,0.932,0.942
529,0.943,0.936,0.949,0.925,0.927,0.934,0.94,0.931,0.928,0.931,0.942,2228.0,0.925,0.931,0.942
530,0.942,0.936,0.948,0.924,0.927,,0.94,0.931,0.928,0.93,0.942,0.934,0.925,0.93,0.941
531,0.942,0.936,0.948,0.924,0.925,0.933,0.94,0.931,0.928,0.93,0.941,0.934,0.925,0.93,0.941
532,0.942,0.936,0.947,0.924,0.921,0.933,0.94,0.931,0.927,0.929,0.941,0.934,0.924,0.929,0.939
533,0.939,0.935,0.947,0.924,0.92,0.933,0.94,0.931,0.927,0.929,0.941,0.934,0.923,0.926,0.939
534,0.939,0.935,0.946,0.924,0.919,0.933,0.939,,0.927,0.927,0.941,0.931,0.922,0.925,0.939
535,0.939,0.934,0.944,0.923,0.919,0.933,0.939,0.928,0.927,0.927,0.941,0.931,0.922,0.924,0.939
536,0.939,0.934,0.944,0.923,0.917,,0.937,0.928,0.927,,0.941,0.931,0.922,0.924,0.938
537,0.939,0.933,0.943,0.921,0.916,0.932,0.937,,0.926,0.927,0.941,0.931,0.922,0.924,0.937
538,0.937,0.933,0.943,0.921,0.915,0.932,0.937,0.927,,0.925,0.941,0.931,0.919,0.924,0.936
539,0.935,0.932,0.943,0.921,0.914,0.932,0.936,0.927,0.925,0.925,0.941,0.93,0.919,0.923,0.936
540,,0.932,0.942,0.921,0.914,0.931,0.936,0.926,0.925,0.923,0.94,0.929,0.919,0.923,0.935
541,0.934,0.932,0.941,0.921,0.912,0.93,0.935,0.926,0.924,0.922,0.939,0.929,0.919,0.922,0.935
542,0.933,0.932,0.941,0.92,0.912,0.93,0.934,0.926,0.924,0.921,0.939,0.929,0.918,0.921,0.935
543,0.932,0.931,0.94,0.917,0.912,0.93,0.934,0.926,0.924,0.921,0.939,0.926,0.917,128.0,0.935
544,0.93,0.93,0.94,0.916,0.912,0.929,0.934,0.926,0.924,0.92,0.938,0.925,0.917,128.0,
545,0.93,0.93,0.94,0.916,0.912,0.928,0.934,0.926,0.924,0.92,0.938,0.925,0.917,0.919,0.935
546,0.93,0.93,0.939,0.915,0.911,0.927,0.933,0.925,0.921,0.92,0.938,0.925,0.916,0.919,0.935
547,0.929,0.929,0.939,0.915,0.911,0.926,0.932,0.925,0.921,0.919,0.938,0.925,0.916,0.916,
548,0.929,0.929,0.938,0.915,0.911,0.926,0.931,0.924,0.919,0.919,0.938,0.923,0.916,0.916,
549,0.929,0.929,0.938,0.915,0.911,0.926,0.931,0.924,0.918,0.918,0.937,0.923,0.916,0.915,0.934
550,0.928,0.929,0.937,0.915,0.911,0.926,0.931,0.924,0.918,0.918,0.937,0.923,0.916,0.914,0.934
551,0.928,0.928,0.935,0.915,0.911,0.926,0.931,0.923,0.918,0.918,0.936,0.923,0.915,0.914,0.933
552,0.928,0.928,0.935,0.914,0.91,0.925,0.93,0.922,0.918,0.918,0.936,0.923,,0.913,0.932
553,0.927,0.928,0.935,0.914,0.91,0.925,0.93,0.922,0.918,0.918,0.935,0.922,0.914,0.911,0.932
554,0.927,0.928,0.931,0.912,0.91,0.925,0.93,0.921,0.917,0.918,0.935,0.922,0.914,0.911,0.932
555,0.927,0.926,0.931,0.911,0.909,0.924,0.93,,0.917,0.917,,0.922,0.912,0.911,0.932
556,0.927,0.926,0.0,0.911,0.909,0.924,0.93,0.921,0.916,0.917,0.935,0.922,0.912,0.911,0.932
557,0.926,0.925,0.0,0.911,0.909,0.924,0.929,0.92,0.916,0.917,0.934,0.921,0.912,0.911,0.932
558,0.926,0.925,0.0,0.91,0.909,0.924,,0.92,0.914,0.917,0.934,0.921,0.912,0.911,0.93
559,0.926,0.925,0.0,0.91,0.907,0.922,0.928,0.918,0.911,0.917,0.933,0.921,0.911,0.911,0.928
560,0.924,0.925,0.0,0.909,0.907,0.922,0.927,,0.909,0.917,0.933,0.921,0.911,0.91,0.928
561,0.924,0.925,0.0,0.906,0.907,0.921,0.927,0.915,0.906,0.917,0.933,0.92,0.91,0.908,0.926
562,0.923,0.924,0.0,0.906,0.905,0.921,0.927,0.915,0.906,0.917,0.933,0.917,0.91,0.908,0.926
563,0.923,0.924,0.0,0.905,0.905,0.918,0.926,0.915,0.905,0.917,0.931,0.917,,0.908,0.925
564,0.922,0.924,0.0,0.905,0.905,0.915,0.926,0.914,0.904,0.917,0.93,0.917,0.909,0.907,0.925
565,0.918,0.923,0.0,0.904,0.905,0.915,0.926,0.914,0.902,0.917,0.93,0.917,0.909,0.907,0.925
566,0.918,0.922,0.0,0.904,0.904,0.914,0.926,0.914,0.902,0.916,0.93,0.916,0.909,0.907,0.925
567,0.918,0.92,0.0,0.903,0.904,,0.926,0.914,0.902,0.916,0.929,0.916,0.909,0.907,0.924
568,0.918,0.92,0.0,0.903,0.903,0.914,,0.913,0.902,0.915,0.929,0.912,0.908,0.905,0.924
569,0.917,0.92,0.0,0.902,0.899,0.914,0.925,0.912,0.901,0.915,0.929,0.911,0.907,0.902,0.924
570,0.916,0.92,,0.902,0.899,0.913,0.925,0.912,0.901,0.915,0.929,0.911,0.907,0.902,0.924
571,0.916,0.919,0.0,0.902,0.899,0.913,0.925,0.911,0.901,,0.928,0.911,0.907,0.901,0.924
572,0.916,0.919,0.0,0.902,0.897,0.913,0.924,,0.9,0.914,0.928,0.91,0.907,0.9,0.924
573,0.914,0.919,0.0,0.902,0.897,0.913,0.924,0.909,0.9,0.914,,0.91,0.905,0.9,0.924
574,0.914,0.919,0.0,0.902,0.896,0.912,0.924,0.909,0.9,0.913,0.928,0.91,0.905,0.9,0.924
575,0.912,0.919,0.0,0.901,0.896,0.912,0.924,0.909,0.9,0.913,0.928,0.91,0.904,0.9,0.923
576,0.909,0.914,0.0,0.9,0.895,0.912,0.923,0.909,0.898,0.912,0.928,0.907,0.904,0.9,0.922
577,0.909,0.913,0.0,0.899,0.895,0.912,0.922,0.906,0.898,0.912,0.928,0.906,0.904,0.9,0.922
578,0.909,0.912,0.0,0.897,0.895,0.911,,0.905,0.898,0.912,0.928,0.906,0.904,0.899,0.921
579,0.908,0.912,0.0,0.897,0.895,0.91,0.922,0.905,0.898,0.912,0.927,,0.904,0.899,0.921
580,0.906,0.911,0.0,0.897,0.895,0.91,0.922,0.905,0.898,0.912,0.927,0.906,0.903,0.898,0.921
581,0.905,0.911,0.0,0.897,0.895,0.91,0.922,0.903,0.897,0.912,0.927,0.905,0.903,0.898,0.921
582,0.905,0.911,0.0,0.895,0.895,0.909,0.922,0.903,0.897,0.912,0.926,0.904,0.903,0.898,0.921
583,0.905,0.911,0.0,0.895,0.892,0.908,0.921,0.902,0.896,0.909,0.926,0.904,0.903,0.898,0.92
584,0.904,0.911,0.0,0.895,0.892,0.908,0.921,0.902,0.896,0.908,0.924,0.904,0.903,0.897,0.92
585,,0.91,0.0,0.895,0.892,0.908,0.92,0.902,0.896,0.908,0.923,0.904,0.903,0.897,0.92
586,0.904,0.91,0.0,0.895,0.892,0.907,0.919,0.902,0.895,0.907,0.923,0.903,0.902,0.897,0.92
587,0.904,0.909,0.0,0.894,0.889,0.907,0.918,0.902,0.895,0.907,0.922,0.903,0.902,0.896,0.92
588,0.904,0.908,0.0,0.894,0.889,0.907,0.918,0.902,,,0.922,0.903,0.902,0.896,0.92
589,0.903,0.907,0.0,0.892,0.888,0.906,0.917,0.901,0.895,0.905,0.922,0.902,0.901,0.896,0.92
590,0.903,0.906,0.0,0.892,0.888,0.906,0.916,0.901,0.895,0.904,0.922,0.901,0.9,0.895,0.92
591,0.902,0.906,0.0,0.892,0.888,0.906,0.916,0.9,0.895,0.903,0.922,0.9,0.9,0.893,0.918
592,,0.906,0.0,0.892,0.887,0.906,0.916,0.9,0.894,0.903,0.922,0.899,0.9,0.893,0.918
593,0.9,0.904,0.0,0.892,0.887,0.906,0.916,0.9,0.894,0.903,0.922,0.899,0.899,0.892,0.917
594,0.9,0.903,0.0,0.891,0.886,0.906,0.915,0.899,0.893,0.903,0.922,0.899,0.899,0.892,0.917
595,0.898,0.903,0.0,0.889,0.886,0.905,0.915,0.899,0.892,0.902,0.921,0.899,0.899,0.89,0.917
596,0.896,0.901,0.0,0.889,0.886,0.905,0.915,0.899,0.892,0.901,0.918,0.899,0.899,0.889,0.916
597,0.895,0.901,0.0,0.889,0.886,0.904,0.913,0.898,0.892,0.901,0.917,0.898,0.899,0.889,0.916
598,0.895,0.9,0.0,0.888,0.883,0.0,0.913,0.898,0.892,0.899,0.917,0.898,0.898,0.889,
599,0.894,0.899,0.0,0.888,0.883,0.0,0.913,,0.891,0.898,,0.898,0.895,0.888,0.915
600,0.894,0.899,0.0,0.887,0.883,0.0,0.913,0.895,0.89,0.898,,0.898,0.895,0.888,
601,1.0,1.0,1.0,1.0,,0.0,1.0,1.0,,,1.0,1.0,1.0,1.0,1.0
602,0.997,0.999,0.999,,0.999,0.0,0.999,0.999,1.0,1.0,1.0,0.999,0.999,1.0,0.999
603,0.997,,0.999,0.999,0.999,,0.997,0.999,0.999,1.0,0.999,0.997,0.999,1.0,
604,0.996,0.998,0.999,0.998,0.998,0.0,0.996,0.999,0.999,1.0,0.999,,0.998,1.0,0.999
605,0.996,0.998,7551.0,0.998,0.997,0.0,0.996,0.999,0.999,1.0,0.999,0.996,0.998,1.0,0.998
606,0.996,0.998,7551.0,0.998,0.997,0.0,0.996,0.998,0.999,1.0,0.999,0.996,0.997,1.0,0.997
607,,0.998,7551.0,0.997,0.996,0.0,0.996,0.998,0.998,1.0,0.999,0.996,0.997,0.999,0.995
608,0.996,0.997,0.997,0.997,0.996,0.0,0.996,0.998,0.996,1.0,0.997,0.996,0.997,0.999,0.994
609,0.995,0.996,0.996,0.997,0.995,0.0,0.994,0.996,0.995,0.999,0.997,0.996,0.996,0.999,0.994
610,0.995,,0.996,0.994,8023.0,0.0,0.994,0.996,0.995,0.999,0.997,0.996,0.996,0.998,0.994
611,0.992,0.992,0.996,0.993,8023.0,0.0,0.994,0.996,0.995,0.997,0.996,0.995,0.994,0.998,0.991
612,0.992,0.991,0.996,0.993,8023.0,0.0,0.994,0.995,0.994,0.997,0.995,0.995,0.994,0.996,0.99
613,0.991,0.991,0.995,0.992,0.993,0.993,0.994,0.995,0.992,0.997,0.995,0.994,0.991,0.996,0.982
614,0.99,0.991,0.993,0.992,2136.0,0.993,0.993,0.995,0.991,0.997,0.995,0.993,0.991,,0.982
615,0.99,0.99,0.993,0.992,2136.0,0.992,0.993,0.994,0.99,0.997,0.995,0.993,0.99,0.996,0.981
616,0.99,0.99,0.992,0.991,0.988,0.991,0.992,0.994,0.99,0.997,0.993,0.993,0.99,0.996,0.981
617,0.989,0.99,0.991,0.991,0.988,0.989,0.991,0.994,0.99,0.996,0.993,0.993,0.99,0.995,0.981
618,0.989,0.99,0.991,0.99,0.988,0.988,0.991,0.994,0.989,0.996,,0.992,0.99,0.995,0.98
619,0.989,0.988,0.989,0.99,0.988,,0.989,0.993,0.989,0.996,0.993,0.992,0.99,0.994,0.979
620,0.988,0.987,0.989,0.989,0.988,0.988,0.989,0.993,0.988,0.996,0.993,0.992,0.99,0.994,0.979
621,0.988,0.987,0.989,0.989,0.987,,0.989,0.991,,0.996,0.993,0.991,0.99,0.991,0.979
622,0.987,0.986,0.988,0.988,0.987,0.988,0.986,0.991,0.986,0.996,0.989,0.99,0.99,0.991,0.979
623,0.987,0.985,0.987,0.987,0.987,0.988,0.986,0.99,0.986,0.996,0.989,0.99,0.99,0.99,0.978
624,0.987,0.984,0.987,0.987,0.987,0.988,0.983,0.99,0.984,0.996,0.989,6506.0,0.989,0.99,0.978
625,0.986,0.984,0.985,0.987,0.987,0.988,0.981,0.99,0.983,0.995,0.988,6506.0,0.988,0.99,0.978
626,0.982,0.984,,0.986,0.987,0.988,0.98,0.99,0.983,0.995,0.987,0.989,0.988,0.99,0.978
627,0.98,0.981,0.983,0.985,0.987,0.988,0.98,,0.983,0.995,0.986,0.988,0.988,0.99,0.978
628,0.98,0.978,0.982,0.985,0.987,0.988,0.978,0.989,0.983,0.993,,0.988,0.988,0.99,0.978
629,0.98,0.978,0.982,0.983,0.985,0.987,0.977,0.989,0.982,0.993,0.986,,0.988,0.988,0.978
630,,0.978,0.982,0.983,0.985,0.987,0.977,0.988,0.982,0.993,0.986,0.987,0.987,0.988,0.977
631,0.978,0.978,0.982,0.983,0.985,0.986,0.977,0.988,0.981,0.992,0.986,0.987,0.987,0.988,0.977
632,0.978,0.978,0.982,0.981,0.985,0.986,0.977,0.988,0.981,0.992,0.986,0.987,0.987,0.988,
633,0.978,0.977,0.981,0.981,0.984,0.985,0.976,0.987,0.98,0.992,0.985,0.986,6025.0,0.987,0.976
634,0.978,0.977,0.981,0.981,0.983,0.985,0.976,0.987,0.979,0.992,0.985,0.986,6025.0,0.987,0.976
635,0.977,0.977,0.981,0.98,0.983,0.984,0.976,0.986,0.978,0.991,0.985,0.986,0.983,0.987,0.976
636,0.976,0.977,0.981,0.979,0.982,0.984,0.975,0.986,0.978,0.991,0.985,0.986,0.983,0.987,0.974
637,0.976,0.977,0.98,0.978,0.982,0.983,0.973,0.986,0.977,0.991,0.984,0.986,7005.0,0.987,0.974
638,0.975,0.976,0.98,0.978,0.981,0.982,0.973,0.986,0.972,0.99,0.984,0.986,7005.0,0.987,0.973
639,0.975,,,0.978,0.98,,0.973,0.986,0.969,0.99,0.983,0.985,0.983,0.986,0.973
640,0.975,0.975,0.979,0.978,0.98,0.982,0.972,0.983,0.968,0.989,0.0,0.985,0.983,0.984,0.973
641,0.974,0.974,0.978,0.978,0.979,0.982,0.972,0.983,0.967,0.988,0.0,0.985,0.982,0.984,0.973
642,0.973,0.973,0.978,0.978,0.978,0.982,0.972,0.983,0.967,0.988,0.0,0.985,0.981,0.983,0.971
643,0.972,0.973,0.977,0.977,0.978,0.982,0.972,0.983,0.967,0.987,0.0,0.985,0.981,0.983,0.971
644,0.972,0.973,0.976,0.977,0.978,0.982,0.972,0.982,0.967,0.987,0.0,0.985,0.981,0.983,0.971
645,0.971,0.972,0.975,0.977,0.978,0.981,0.971,0.982,0.967,0.987,0.0,0.983,0.979,0.983,0.969
646,0.969,0.972,,0.977,0.978,0.981,0.971,0.982,0.967,0.987,0.0,0.982,0.978,0.981,0.969
647,0.969,0.972,0.972,0.977,0.977,0.981,0.971,0.981,0.967,0.987,0.0,0.981,0.977,0.981,0.969
648,0.968,0.97,0.972,0.977,0.976,0.979,0.97,0.981,0.966,0.987,0.0,0.981,0.977,0.979,0.969
649,0.967,0.97,0.972,0.977,0.975,0.979,0.97,0.981,0.965,0.986,0.0,0.98,0.976,0.979,0.969
650,0.966,0.97,0.972,0.977,0.973,0.979,0.97,0.981,0.965,0.986,0.0,0.98,0.976,0.979,0.969
651,0.965,0.97,0.971,0.976,0.973,0.979,0.968,0.981,0.964,0.985,0.0,0.979,0.976,0.979,0.969
652,0.963,0.97,0.97,0.976,0.972,0.979,0.968,0.978,0.964,0.984,0.0,0.979,0.976,0.978,0.968
653,0.963,0.97,0.97,0.976,0.971,0.978,0.967,0.978,0.964,0.984,0.979,0.977,0.975,0.978,0.968
654,0.963,0.97,0.97,0.973,0.971,0.978,0.966,0.976,0.964,0.983,0.978,0.977,0.975,0.978,0.968
655,0.962,0.969,0.969,0.973,0.971,,0.966,0.976,0.963,0.983,0.978,0.976,0.975,0.978,0.966
656,0.961,0.969,0.969,0.972,0.971,0.977,0.966,0.975,0.962,0.98,0.977,0.976,0.975,0.978,
657,0.961,0.969,0.969,0.972,0.969,0.977,0.966,0.972,0.959,0.98,0.977,0.976,0.975,,0.963
658,0.961,0.968,0.968,0.971,0.969,0.977,0.964,0.972,0.959,0.98,0.977,0.975,0.975,0.977,0.963
659,0.961,0.968,0.968,0.971,0.969,0.977,0.964,0.969,0.959,0.979,0.977,0.975,0.975,0.977,0.962
660,,0.967,0.968,0.968,0.969,0.977,0.964,0.969,0.959,0.979,0.977,0.975,0.974,0.977,0.962
661,0.959,0.967,0.968,0.968,0.968,0.976,0.964,0.968,0.958,0.979,0.976,0.974,0.971,0.976,0.962
662,0.958,0.967,0.967,0.968,0.968,0.975,0.963,0.967,0.958,0.979,0.974,0.972,0.971,0.976,0.962
663,0.958,0.966,0.967,0.968,0.968,0.975,0.963,0.967,0.958,0.977,0.974,0.972,0.97,0.976,0.962
664,0.958,0.965,0.967,0.967,0.967,0.975,0.961,0.967,0.956,0.977,0.973,0.972,0.969,0.976,0.962
665,0.958,0.965,0.966,0.967,0.967,0.975,0.961,0.967,0.956,0.977,0.972,0.971,0.969,,0.962
666,0.958,0.964,0.966,0.967,0.967,0.974,0.961,0.967,0.954,0.976,0.972,0.971,0.967,0.0,0.961
667,0.958,0.964,0.966,0.967,0.967,0.974,0.96,0.967,0.954,0.975,0.972,0.971,0.966,0.0,0.961
668,0.957,0.964,0.966,0.966,0.967,0.974,0.959,0.967,0.954,0.975,0.971,0.97,0.966,0.0,
669,0.957,0.964,0.966,0.966,0.967,0.974,0.958,0.967,0.952,0.975,0.971,0.97,0.966,0.0,0.961
670,0.957,0.962,0.966,0.965,0.967,0.973,0.958,0.967,0.951,0.975,0.968,0.97,,0.0,0.96
671,0.957,0.962,0.964,0.965,0.965,0.973,0.958,0.966,0.951,0.973,0.968,0.97,0.965,0.0,0.96
672,0.955,,0.964,0.965,0.965,,0.958,0.966,,0.971,0.967,,0.965,0.0,0.96
673,0.955,,0.964,0.964,0.965,0.971,0.958,0.966,0.95,0.97,0.967,0.969,0.965,,0.96
674,0.955,0.961,0.963,0.964,0.964,0.969,0.958,0.966,0.95,0.969,0.967,0.968,0.965,0.97,0.96
675,0.955,0.96,0.963,0.963,0.962,0.969,0.956,0.966,0.95,0.969,0.967,0.968,0.964,0.967,0.958
676,0.955,0.96,0.963,0.961,0.962,0.968,0.955,0.965,0.95,0.969,0.967,0.968,0.964,0.966,0.958
677,0.954,0.96,0.963,0.961,,0.968,0.955,0.965,0.948,0.969,0.967,0.967,0.964,0.966,0.958
678,0.954,0.96,0.962,0.961,,,0.954,0.965,0.944,0.969,0.966,0.967,0.964,0.965,0.958
679,0.954,0.96,0.962,0.961,0.959,0.966,0.953,0.964,0.943,0.969,0.966,0.967,0.964,0.965,0.958
680,0.953,0.96,0.961,0.961,0.959,0.966,0.953,0.963,0.942,0.969,0.966,0.966,0.961,0.965,0.957
681,0.953,0.96,0.96,0.961,0.958,0.965,0.953,0.962,0.942,0.968,0.965,0.965,0.96,0.965,0.957
682,0.953,0.96,0.96,0.96,0.957,0.965,0.948,0.962,0.942,0.968,0.965,0.965,0.959,0.965,0.957
683,0.952,0.96,0.96,0.96,0.957,0.965,0.947,0.961,0.941,0.968,0.964,0.963,0.959,0.964,0.956
684,0.952,0.959,0.96,0.96,0.957,0.964,0.947,0.96,0.941,0.968,0.964,0.963,0.959,0.964,0.955
685,0.952,0.959,0.958,0.96,0.956,0.962,,0.959,0.94,0.968,0.963,0.962,0.958,0.964,0.955
686,0.952,0.959,0.958,0.958,0.956,0.961,0.947,0.959,0.94,0.965,0.963,0.962,0.958,0.963,0.955
687,0.952,0.959,0.958,0.958,0.956,0.96,0.946,0.958,0.94,0.965,0.961,0.962,0.958,0.963,
688,0.952,0.959,0.957,0.958,0.953,0.96,0.945,0.958,0.94,0.965,0.961,0.962,0.956,0.961,0.955
689,0.951,0.959,,0.957,0.952,0.96,0.945,,0.939,0.965,0.961,0.962,0.956,0.96,0.955
690,0.951,0.959,0.955,0.954,0.951,0.959,,,0.939,0.965,0.961,0.961,0.956,0.96,0.955
691,0.951,0.959,0.955,0.954,0.947,0.959,0.945,0.956,0.939,0.962,0.96,0.961,0.956,0.958,0.954
692,0.951,0.958,0.955,0.953,0.947,3596.0,0.942,0.956,0.937,0.962,0.959,0.961,0.956,0.958,0.952
693,0.951,0.958,,0.953,0.947,3596.0,0.942,0.956,0.937,0.962,0.959,0.96,0.956,0.955,0.952
694,0.951,0.956,0.955,0.953,0.947,3596.0,0.942,0.956,0.937,0.961,0.959,0.96,0.956,0.955,0.952
695,0.949,0.956,0.954,0.952,0.946,,0.942,0.956,,0.96,0.959,0.959,0.955,0.953,0.952
696,0.949,0.955,0.954,0.952,0.946,0.956,0.942,0.955,0.936,0.96,0.959,0.959,0.953,0.953,0.952
697,0.949,0.955,0.954,0.952,0.944,0.954,0.941,0.955,0.935,0.96,0.959,0.958,0.952,0.953,0.95
698,0.949,0.954,0.953,0.951,0.944,0.954,0.941,0.955,0.935,0.96,0.954,0.958,0.952,0.952,0.948
699,0.949,0.954,0.953,0.951,0.944,0.954,0.941,0.953,0.935,0.959,0.954,0.958,0.952,0.952,0.947
700,0.948,0.954,0.953,0.95,,,0.94,0.953,0.935,0.959,0.953,0.958,0.952,0.951,0.946
701,0.948,0.953,0.953,0.95,0.944,0.953,0.94,0.953,0.935,0.959,0.953,0.956,0.951,0.95,0.945
702,0.948,0.952,0.953,0.95,0.944,0.952,0.94,0.953,0.935,0.958,0.953,0.955,0.951,0.949,0.945
703,0.948,0.952,0.953,0.948,0.944,0.951,0.939,0.952,0.935,0.958,0.953,0.955,0.948,0.949,0.945
704,0.948,0.952,0.953,0.947,0.943,0.951,0.936,0.952,0.935,0.958,0.952,0.955,0.948,0.949,0.944
705,0.947,0.951,0.952,0.947,0.942,0.951,0.936,0.952,0.934,0.957,0.952,0.955,0.947,0.948,0.944
706,0.947,0.951,0.952,0.947,0.942,0.95,0.935,0.952,0.934,0.956,0.951,0.954,0.946,0.948,0.943
707,0.947,0.951,0.952,0.947,0.941,0.949,0.935,0.952,0.934,0.956,0.951,0.954,0.945,0.948,0.943
708,0.945,0.949,0.952,0.946,0.941,0.949,0.935,0.951,0.934,0.956,0.951,0.954,0.945,0.947,0.943
709,0.945,0.947,0.951,0.944,0.941,0.948,0.935,0.951,0.934,0.955,0.951,0.953,0.945,0.947,0.943
710,0.945,0.947,0.951,0.944,0.94,0.947,0.934,0.95,0.933,0.955,0.951,0.951,0.945,0.947,0.943
711,0.945,0.947,0.95,0.944,0.939,0.946,0.934,0.949,0.933,0.955,0.948,0.951,0.945,0.947,0.941
712,0.945,0.947,0.948,0.944,0.939,0.946,0.933,0.949,0.933,0.954,0.947,0.951,0.945,,0.941
713,0.943,0.947,0.947,0.944,,0.944,0.933,0.948,0.933,0.954,0.947,0.951,0.944,0.945,0.941
714,0.943,0.947,0.945,0.944,0.938,0.943,0.932,0.946,0.932,0.954,0.947,0.951,0.943,0.945,0.941
715,0.943,0.947,0.945,0.942,0.938,0.943,0.932,0.946,0.932,0.954,0.947,0.951,0.94,0.944,0.94
716,0.943,0.947,0.944,0.94,0.938,0.941,0.932,0.945,0.932,0.954,0.947,0.949,0.939,0.944,0.939
717,0.942,0.946,0.944,0.94,0.937,0.941,0.932,0.944,0.932,0.953,,0.949,0.939,0.943,0.936
718,0.941,0.946,0.944,0.94,0.935,0.941,0.931,0.943,0.93,0.953,0.945,0.949,0.939,,0.935
719,0.94,,0.94,0.94,0.934,0.941,0.93,0.943,0.93,0.949,0.945,0.945,0.938,0.943,0.935
720,0.938,0.946,0.94,0.94,0.934,0.941,0.93,0.943,0.929,0.949,0.945,0.945,0.938,0.943,0.935
721,0.938,0.946,0.939,,0.934,0.937,0.93,0.943,0.928,0.948,0.943,0.945,0.938,0.941,0.931
722,0.938,0.946,0.938,0.939,0.933,0.937,0.93,0.943,0.928,0.946,0.94,0.945,0.938,0.94,0.931
723,0.938,0.946,0.938,0.939,0.933,0.937,0.93,0.943,0.926,0.945,0.939,0.945,0.936,0.94,0.931
724,0.937,0.946,0.937,0.938,0.933,0.935,0.93,0.941,0.925,0.945,0.938,0.945,0.936,0.94,0.93
725,0.937,0.945,0.936,0.938,0.933,0.934,0.93,0.941,0.925,0.945,0.938,0.945,0.931,0.94,0.93
726,0.937,0.945,0.936,0.938,0.933,0.934,0.93,0.941,0.925,0.945,0.938,0.944,0.93,0.94,0.93
727,0.937,0.944,0.936,0.938,0.932,0.934,0.93,0.94,0.924,0.945,0.938,0.944,0.93,0.939,0.929
728,0.936,0.943,0.936,0.937,0.931,0.934,0.928,0.939,0.924,0.945,0.938,0.944,0.929,0.939,0.929
729,0.936,0.943,0.935,0.937,0.931,0.934,0.928,0.939,0.923,0.945,0.938,0.944,,0.939,0.929
730,0.936,0.943,0.935,0.937,0.93,0.934,0.928,0.939,0.923,0.944,0.937,0.943,0.926,0.937,0.928
